Label,Model-10,Model-6,Model-2,Model-SGD,Model-Seq,Model-Dist
0,0,0,0,0,40,0
21,21,21,22,0,0,22
0,0,0,0,0,0,0
7,4,7,7,0,37,0
24,0,24,24,0,0,24
0,0,0,0,0,0,0
0,0,0,0,0,0,0
0,0,0,0,0,0,0
0,0,0,5,0,0,0
0,0,0,0,0,0,0
0,0,0,0,0,0,0
21,21,0,22,0,22,22
0,0,0,0,0,0,0
34,0,0,0,0,0,0
0,0,0,0,0,0,0
31,32,32,31,0,3,32
0,0,0,0,0,0,0
7,0,7,7,0,37,7
0,0,14,0,0,0,0
23,23,0,23,0,0,23
0,0,4,0,0,5,0
0,0,0,0,0,0,0
0,0,0,0,0,0,0
29,29,29,29,0,30,29
0,0,0,0,0,0,0
0,0,0,0,0,0,0
43,0,0,42,0,42,43
0,0,0,17,0,0,0
0,0,0,0,0,0,0
0,0,0,0,0,0,0
0,0,0,0,0,0,0
26,0,0,0,0,0,26
14,0,0,0,0,0,0
0,0,0,0,0,4,0
0,0,0,0,0,0,0
0,0,14,34,0,0,0
0,0,0,0,0,47,0
32,31,31,32,0,0,31
0,0,14,0,0,0,0
0,21,0,0,0,0,0
0,0,0,0,0,0,0
0,0,0,0,0,0,0
0,0,38,0,0,22,0
0,0,0,0,0,0,0
0,0,0,0,0,0,0
0,0,14,0,0,0,0
42,44,42,44,0,0,42
14,0,14,14,0,0,0
0,0,0,0,0,0,0
0,0,0,0,0,0,0
3,3,3,3,0,3,3
0,0,0,0,0,0,0
0,0,0,0,0,0,0
0,0,0,0,0,0,0
46,46,46,46,0,46,46
0,0,0,0,0,0,0
0,0,0,0,0,0,0
0,0,0,0,0,0,0
0,0,0,0,0,0,0
0,0,0,0,0,0,0
10,10,10,10,0,10,10
0,0,0,0,0,0,0
10,10,10,0,0,10,0
0,26,0,0,0,0,0
0,0,0,42,0,0,0
0,0,0,0,0,0,0
0,0,0,0,0,46,0
16,0,14,16,0,0,16
0,0,0,8,0,37,0
0,0,0,0,0,5,0
29,0,29,0,0,30,29
18,0,0,0,0,0,0
0,0,0,0,0,0,0
44,0,44,0,0,0,0
33,0,0,0,0,0,0
0,0,0,0,0,0,0
0,0,0,6,0,0,0
16,0,16,16,0,0,16
0,0,0,0,0,0,0
23,0,0,0,0,0,0
0,0,0,14,0,0,0
50,50,49,49,0,0,50
0,0,14,0,0,0,0
22,22,22,21,0,21,21
0,0,0,0,0,0,0
0,0,0,0,0,36,0
0,0,0,0,0,5,0
0,38,38,0,0,7,0
1,1,1,1,0,1,1
0,0,0,0,0,0,0
0,28,0,0,0,0,0
5,5,5,5,0,5,5
0,1,0,0,0,14,14
44,0,0,0,0,0,44
5,5,5,5,0,0,5
0,0,0,0,0,0,0
0,0,0,0,0,0,0
0,0,0,0,0,25,0
38,0,38,0,0,37,37
0,0,0,0,0,8,0
0,0,0,12,0,0,0
0,0,0,0,0,0,0
0,0,0,0,0,47,0
0,0,0,0,0,0,0
11,11,11,11,0,11,11
11,11,11,11,0,0,11
0,0,2,0,0,0,0
0,0,0,0,0,0,0
39,39,39,39,0,0,39
0,0,0,0,0,0,0
0,0,0,0,0,0,0
12,12,12,12,0,0,12
2,2,2,2,0,0,2
0,0,0,0,0,0,0
0,0,0,0,0,0,0
0,0,0,0,0,0,0
0,0,0,0,0,0,0
0,0,0,15,0,0,0
12,12,0,12,0,0,0
0,0,0,0,0,0,0
0,0,0,0,0,0,0
0,0,0,0,0,0,0
0,0,0,0,0,29,0
15,15,15,15,0,15,15
0,0,0,0,0,0,0
0,0,0,0,0,0,0
0,0,0,0,0,0,0
0,0,0,0,0,0,0
0,0,0,0,0,0,0
0,0,0,0,0,0,0
9,9,9,9,0,9,9
1,1,1,1,0,1,1
0,40,0,0,0,0,0
0,0,0,0,0,0,0
0,0,0,0,0,0,0
0,0,0,0,0,0,0
0,0,0,0,0,0,0
35,0,0,0,0,0,0
20,20,20,20,0,0,20
5,5,5,5,0,5,5
0,0,0,0,0,0,0
0,0,14,0,0,0,0
1,1,1,1,0,6,1
31,32,32,31,0,0,32
0,0,0,0,0,0,0
0,0,5,0,0,0,0
0,0,0,42,0,0,0
0,0,0,0,0,0,0
35,35,0,14,0,0,0
0,0,0,0,0,0,0
0,0,0,0,0,0,0
25,25,25,25,0,25,25
0,0,0,0,0,0,0
9,9,0,0,0,0,9
0,0,0,0,0,0,0
0,0,0,0,0,0,0
0,0,0,0,0,0,0
0,0,0,0,0,0,0
0,0,0,0,0,0,0
22,22,22,21,0,21,21
35,19,35,35,0,0,0
0,0,0,0,0,0,1
0,0,0,0,0,0,0
0,0,0,0,0,0,8
0,0,0,0,0,0,0
0,0,7,42,0,0,0
0,0,0,0,0,0,0
12,0,0,12,0,0,0
0,0,14,45,0,0,0
0,0,0,0,0,0,0
0,0,0,0,0,0,0
0,0,0,0,0,0,0
0,0,0,0,0,0,0
0,0,14,0,0,0,0
0,0,0,0,0,0,0
18,18,18,18,0,0,18
37,37,37,37,0,0,38
23,23,23,23,0,0,23
39,39,39,39,0,39,39
3,3,0,0,0,3,3
11,11,11,11,0,11,11
0,0,0,0,0,0,0
18,18,18,18,0,18,18
18,18,18,18,0,18,18
0,0,0,0,0,0,0
0,0,0,0,0,0,0
0,0,0,0,0,0,0
0,0,0,0,0,0,0
0,0,0,0,0,0,0
0,0,0,0,0,0,0
26,0,0,0,0,29,26
0,0,0,0,0,0,0
0,0,14,0,0,0,19
13,0,0,0,0,0,0
3,3,3,3,0,3,3
32,31,31,32,0,0,31
0,0,0,0,0,0,0
0,0,0,0,0,0,0
14,0,14,0,0,0,8
0,0,0,0,0,0,0
9,9,14,9,0,0,0
0,0,0,0,0,0,9
0,0,16,0,0,0,0
16,0,0,0,0,0,0
0,0,0,0,0,0,0
0,0,0,0,0,0,0
0,0,8,0,0,0,0
19,0,19,19,0,0,0
0,0,0,0,0,0,0
0,0,0,0,0,0,0
0,0,0,0,0,0,0
0,0,0,0,0,0,0
19,0,0,0,0,0,0
20,0,17,0,0,0,0
0,0,0,0,0,0,0
0,0,0,0,0,0,0
14,0,14,14,0,0,0
0,0,0,0,0,0,0
0,0,0,0,0,0,0
37,37,37,37,0,38,38
9,9,9,9,0,9,9
17,17,17,17,0,17,17
0,0,0,0,0,0,0
0,0,0,42,0,47,0
0,0,12,0,0,0,0
33,0,0,0,0,0,0
48,48,48,48,0,0,0
0,0,0,0,0,0,0
0,0,14,0,0,0,0
0,0,0,0,0,0,0
25,0,25,25,0,0,25
0,0,0,0,0,0,0
0,0,14,0,0,0,0
1,1,1,0,0,1,1
0,0,0,0,0,0,0
0,0,0,0,0,0,0
17,17,17,17,0,0,17
0,0,0,0,0,0,0
0,0,0,0,0,0,0
46,0,46,46,0,0,46
0,0,0,0,0,0,0
0,0,0,0,0,47,0
11,11,11,11,0,11,11
0,0,0,0,0,0,0
0,0,0,0,0,0,0
0,18,18,18,0,0,18
0,0,0,0,0,0,0
2,2,2,2,0,2,2
0,0,0,0,0,0,0
0,0,0,0,0,0,0
0,0,0,0,0,0,0
0,0,0,0,0,10,0
0,0,0,0,0,0,0
10,10,10,10,0,10,10
0,0,0,0,0,0,0
0,0,0,0,0,0,0
0,0,0,0,0,0,0
0,0,0,0,0,0,0
0,0,0,0,0,0,19
0,0,0,0,0,0,0
0,0,0,0,0,0,0
0,0,0,0,0,0,0
23,23,0,23,0,0,0
0,0,0,0,0,0,0
0,0,0,0,0,0,0
0,0,0,0,0,0,0
20,20,20,20,0,0,20
0,0,0,0,0,0,0
0,0,0,0,0,0,0
0,0,14,0,0,0,0
0,0,25,0,0,5,0
0,0,0,0,0,0,0
0,0,0,0,0,0,42
0,0,0,0,0,0,0
0,0,0,0,0,0,0
0,0,0,0,0,0,0
0,0,0,0,0,0,0
42,0,0,0,0,0,0
0,0,0,0,0,0,0
0,0,19,0,0,0,0
0,0,0,0,0,0,0
0,0,0,0,0,0,0
0,24,24,24,0,0,0
0,0,0,0,0,0,0
0,0,20,21,0,0,0
0,0,0,0,0,0,1
0,0,0,0,0,0,0
27,27,27,27,0,0,27
49,49,50,50,0,50,49
0,0,0,0,0,0,0
0,0,0,0,0,0,0
0,0,0,0,0,0,0
0,0,0,0,0,0,0
0,0,0,0,0,0,0
0,0,0,0,0,5,0
0,0,14,0,0,0,0
0,0,0,0,0,0,0
0,0,0,0,0,0,0
0,0,0,0,0,0,0
0,0,0,0,0,0,0
0,0,0,0,0,0,0
0,0,0,0,0,0,0
0,35,0,0,0,0,0
0,0,14,34,0,0,0
0,0,0,0,0,0,0
11,11,11,11,0,11,11
0,0,0,0,0,0,0
0,44,0,0,0,0,0
0,0,0,0,0,0,0
0,0,0,0,0,0,0
18,18,18,18,0,0,18
0,0,0,0,0,2,0
39,39,39,39,0,39,39
0,0,0,0,0,0,0
39,39,0,39,0,0,0
0,0,0,0,0,0,0
0,0,0,0,0,0,0
15,0,15,15,0,0,15
0,0,0,0,0,0,0
0,0,0,0,0,0,0
36,0,0,0,0,0,0
0,0,0,0,0,0,0
14,0,14,0,0,0,14
0,0,4,0,0,0,0
0,0,0,0,0,2,0
33,0,0,0,0,0,0
0,0,0,0,0,0,0
0,0,35,0,0,0,0
0,0,14,0,0,6,0
0,0,0,0,0,0,0
29,29,29,29,0,0,29
45,45,45,45,0,45,45
0,0,0,0,0,0,0
0,0,0,0,0,0,0
0,0,0,0,0,0,0
40,0,40,0,0,0,40
0,0,1,0,0,0,1
0,0,0,0,0,0,0
0,0,7,7,0,13,0
31,32,32,31,0,0,32
5,5,5,5,0,5,5
0,0,0,0,0,0,0
0,0,21,0,0,0,0
0,0,0,0,0,0,0
3,3,3,3,0,3,3
6,6,6,6,0,6,6
0,0,14,0,0,0,0
0,0,0,0,0,0,0
0,0,34,0,0,0,0
0,0,0,0,0,0,0
0,0,0,0,0,22,0
0,0,0,0,0,0,0
0,0,14,0,0,0,0
5,5,5,5,0,5,5
0,0,0,0,0,0,0
0,0,0,0,0,0,0
0,0,0,0,0,0,0
0,0,0,0,0,0,0
0,0,0,0,0,0,0
0,0,0,0,0,0,0
0,0,0,0,0,0,0
0,0,0,38,0,0,0
0,0,0,0,0,0,0
28,28,28,28,0,0,28
0,0,0,0,0,0,0
0,0,0,11,0,0,0
32,31,31,32,0,0,0
2,2,2,2,0,5,2
0,0,0,0,0,0,0
0,0,0,0,0,0,0
3,0,13,13,0,0,0
0,0,0,0,0,0,0
18,0,0,18,0,0,0
0,0,0,0,0,0,0
0,0,0,0,0,0,0
0,0,0,46,0,0,0
0,0,0,0,0,0,0
2,2,2,2,0,0,2
10,10,2,0,0,0,0
30,30,0,0,0,29,30
26,26,0,26,0,0,0
0,30,0,0,0,0,0
0,0,0,0,0,0,0
41,41,41,41,0,0,41
0,0,0,0,0,0,0
0,0,0,27,0,0,0
0,0,0,0,0,0,0
0,0,0,0,0,0,0
0,0,34,0,0,0,34
0,0,0,14,0,0,0
9,0,0,0,0,0,0
31,32,32,0,0,0,0
0,0,0,0,0,0,0
0,0,0,0,0,7,0
0,0,0,0,0,5,0
0,0,0,0,0,0,0
36,0,44,7,0,36,0
0,0,0,1,0,19,0
0,0,0,0,0,0,0
0,0,0,0,0,0,0
35,35,0,0,0,5,35
0,0,0,0,0,0,0
40,40,0,40,0,0,0
0,0,0,0,0,0,0
0,0,0,13,0,0,0
40,40,0,0,0,40,0
8,0,0,0,0,0,0
0,0,0,0,0,0,0
0,0,0,0,0,0,0
0,0,0,0,0,0,0
4,4,4,4,0,0,4
0,0,0,0,0,0,0
0,0,0,0,0,0,0
34,34,0,34,0,0,34
19,19,19,19,0,0,0
32,31,31,32,0,0,31
48,48,48,48,0,0,48
0,0,0,0,0,0,0
5,5,5,5,0,0,5
25,25,25,25,0,25,25
27,0,27,27,0,0,27
0,0,0,0,0,0,0
0,1,1,1,0,0,0
0,0,0,0,0,0,0
0,0,14,0,0,0,0
44,43,43,43,0,0,44
0,0,0,0,0,42,0
0,0,0,0,0,0,0
0,0,0,0,0,0,0
0,0,0,0,0,0,0
4,0,4,0,0,0,0
1,1,1,1,0,1,1
0,0,0,0,0,30,0
0,0,17,0,0,0,0
23,23,23,23,0,0,23
0,0,0,0,0,0,0
0,0,0,0,0,0,0
0,0,0,0,0,0,0
0,0,0,11,0,0,0
0,0,0,0,0,0,0
0,0,0,0,0,0,0
0,0,0,0,0,0,0
0,0,0,0,0,0,0
0,0,0,0,0,0,0
0,0,0,0,0,0,0
0,0,0,0,0,0,0
10,10,10,10,0,10,0
26,26,26,26,0,26,26
6,6,6,6,0,6,6
0,0,0,0,0,0,0
0,0,0,0,0,0,0
24,24,24,24,0,24,24
0,20,14,0,0,0,0
0,0,0,0,0,5,0
0,0,0,0,0,0,0
0,0,0,0,0,0,0
25,0,0,0,0,0,0
0,0,14,0,0,0,0
16,0,0,0,0,0,16
0,0,0,0,0,0,0
0,0,0,0,0,9,0
0,0,0,0,0,0,0
0,0,0,0,0,0,0
0,0,0,0,0,0,0
0,0,0,0,0,0,19
6,0,6,6,0,0,6
20,20,20,0,0,0,20
0,0,0,0,0,0,0
0,0,0,0,0,0,0
0,0,0,0,0,29,0
8,7,8,8,0,0,8
45,0,0,0,0,0,0
0,0,0,0,0,0,0
0,0,0,0,0,0,0
32,31,31,32,0,0,31
0,0,0,0,0,0,0
0,0,0,48,0,5,0
0,0,14,0,0,0,0
38,38,38,7,0,37,37
0,0,0,0,0,0,0
0,0,0,0,0,0,0
0,0,0,0,0,0,0
0,0,0,0,0,0,0
19,0,0,19,0,19,0
0,0,0,0,0,19,0
0,0,0,0,0,0,0
0,0,14,0,0,0,0
0,0,0,32,0,0,0
0,0,0,0,0,0,0
0,0,0,0,0,0,0
0,0,0,0,0,0,0
0,0,0,0,0,0,0
0,0,0,0,0,0,0
0,0,0,0,0,0,0
0,0,0,0,0,0,0
0,0,0,0,0,0,0
0,0,0,0,0,0,0
0,0,0,0,0,12,0
0,0,0,0,0,0,0
2,2,2,2,0,2,2
2,2,2,2,0,2,2
0,2,2,0,0,0,2
0,0,0,0,0,0,0
12,12,12,12,0,0,12
0,0,0,0,0,0,0
10,10,10,10,0,10,10
30,30,30,30,0,29,30
0,0,0,0,0,41,0
0,0,0,0,0,0,0
26,0,0,26,0,26,0
0,0,0,0,0,0,0
0,0,0,0,0,0,0
49,49,50,50,0,50,49
0,0,0,27,0,0,27
0,0,14,0,0,0,4
0,0,0,0,0,0,0
37,37,37,37,0,47,38
0,0,0,0,0,0,0
0,0,0,0,0,0,0
0,0,0,0,0,0,0
29,29,29,29,0,30,29
1,1,1,1,0,1,1
0,0,0,0,0,0,0
0,0,0,0,0,0,0
0,0,0,0,0,0,0
1,1,1,1,0,0,1
23,23,23,23,0,0,23
35,35,35,35,0,0,0
0,0,0,0,0,0,0
0,0,14,0,0,0,0
0,0,0,0,0,0,0
0,0,0,0,0,0,0
0,0,0,0,0,0,0
0,0,0,0,0,0,0
19,19,0,0,0,0,0
5,0,0,0,0,5,0
0,0,0,42,0,0,0
0,0,0,0,0,5,0
0,0,14,0,0,0,0
0,0,0,0,0,0,0
9,9,9,9,0,9,9
0,0,0,0,0,0,0
0,0,0,0,0,0,19
42,44,0,0,0,0,0
0,0,0,0,0,0,0
4,4,4,4,0,0,4
0,0,0,0,0,0,0
0,0,0,0,0,0,0
43,42,0,0,0,42,43
27,27,27,27,0,0,27
18,18,18,18,0,18,18
0,0,0,0,0,0,0
49,49,50,50,0,50,49
9,9,14,9,0,9,9
0,0,0,0,0,0,0
0,0,14,34,0,0,0
0,0,14,0,0,0,0
0,0,0,0,0,0,0
0,0,0,13,0,0,0
0,0,0,6,0,48,0
0,0,0,0,0,0,0
0,0,0,0,0,0,0
0,0,0,0,0,0,0
0,0,0,0,0,0,0
0,0,0,0,0,0,0
3,3,3,3,0,3,3
0,0,0,0,0,0,0
0,0,0,0,0,0,0
2,2,2,2,0,0,2
0,0,0,0,0,0,0
0,0,0,0,0,0,0
0,0,0,0,0,10,0
0,0,0,0,0,0,0
0,0,0,0,0,0,0
26,0,0,0,0,0,0
0,0,0,0,0,0,0
0,0,0,0,0,0,0
0,0,0,0,0,0,0
0,0,0,0,0,0,0
38,38,38,38,0,37,37
0,0,0,0,0,46,0
18,18,18,18,0,18,18
42,44,42,44,0,44,42
0,0,0,0,0,0,0
0,0,0,0,0,0,0
0,0,0,0,0,0,21
0,0,0,0,0,0,0
0,0,0,0,0,0,0
0,0,0,0,0,0,0
0,0,0,0,0,0,0
4,4,0,4,0,0,4
19,19,19,19,0,0,0
0,0,0,0,0,0,0
0,0,0,0,0,0,0
1,1,1,1,0,1,1
0,34,0,0,0,0,0
40,0,0,0,0,0,0
24,0,24,24,0,24,24
0,0,14,0,0,0,19
37,37,37,37,0,38,38
0,0,0,0,0,0,0
0,0,0,0,0,0,0
0,0,0,0,0,0,0
0,0,0,0,0,0,1
0,0,0,0,0,0,0
24,24,24,24,0,24,24
13,0,0,0,0,44,0
45,0,0,0,0,0,0
23,23,0,0,0,0,23
0,0,0,0,0,0,0
0,0,0,0,0,0,0
0,0,0,0,0,0,0
42,0,0,44,0,0,0
13,13,0,13,0,0,0
0,0,0,0,0,0,0
0,0,0,0,0,0,0
0,0,0,0,0,0,0
2,2,2,0,0,0,0
0,0,0,0,0,0,0
0,0,0,0,0,0,0
0,0,0,0,0,0,0
0,0,0,0,0,0,0
2,2,0,2,0,0,2
0,0,0,0,0,0,0
46,46,46,0,0,46,46
0,0,0,0,0,0,0
0,17,0,0,0,0,0
0,0,0,15,0,0,0
0,0,0,0,0,0,0
0,0,0,0,0,0,0
0,0,0,0,0,0,0
0,0,0,0,0,0,0
0,0,0,0,0,0,0
0,0,0,0,0,0,0
41,0,41,0,0,0,41
0,0,0,0,0,0,0
30,0,30,30,0,0,0
0,0,0,0,0,0,0
26,41,0,0,0,0,0
0,0,0,0,0,0,0
0,0,0,0,0,0,0
0,0,0,0,0,47,0
47,47,47,47,0,0,47
0,0,0,0,0,0,0
0,0,3,7,0,0,0
0,0,0,0,0,0,0
4,0,4,0,0,0,4
0,0,0,0,0,0,0
0,0,0,0,0,0,1
0,0,0,7,0,0,0
0,0,19,0,0,0,0
4,0,14,0,0,0,4
0,0,0,0,0,0,0
0,0,0,0,0,0,0
0,0,0,0,0,0,0
0,0,0,0,0,23,0
46,0,46,46,0,46,0
0,0,0,0,0,0,0
0,0,0,0,0,0,0
8,7,8,8,0,7,8
48,48,48,48,0,0,48
0,0,0,0,0,0,0
0,40,0,0,0,0,0
20,0,0,0,0,0,20
0,0,0,0,0,0,0
14,0,14,14,0,0,14
24,0,24,0,0,0,24
14,0,14,14,0,0,4
0,0,0,0,0,0,0
0,0,0,0,0,0,0
48,48,48,48,0,0,48
0,0,0,0,0,0,0
0,0,49,6,0,0,0
0,0,0,0,0,0,0
0,0,0,0,0,0,0
0,0,0,0,0,0,0
29,29,29,29,0,30,29
4,0,0,0,0,0,0
0,0,0,0,0,0,0
9,16,14,0,0,0,0
0,0,0,0,0,0,0
0,0,0,0,0,0,0
0,0,0,0,0,0,9
0,0,0,0,0,0,0
47,47,47,47,0,47,47
0,0,0,0,0,0,0
0,0,0,0,0,0,0
0,0,0,0,0,0,0
0,0,0,0,0,0,0
0,0,0,0,0,0,0
0,0,0,0,0,0,0
0,0,0,0,0,0,0
0,0,0,0,0,39,0
0,0,0,0,0,0,0
0,0,0,0,0,0,0
0,0,0,0,0,0,0
18,18,18,18,0,18,18
0,0,2,0,0,0,0
10,0,10,10,0,10,0
0,0,0,0,0,0,0
0,0,0,0,0,0,0
0,0,0,0,0,10,0
41,41,41,41,0,41,41
41,41,41,0,0,0,41
1,1,1,1,0,1,1
19,0,0,0,0,0,0
0,0,0,0,0,0,0
14,0,14,0,0,0,0
0,0,0,0,0,0,0
34,34,34,34,0,0,34
0,0,0,0,0,0,0
0,0,0,0,0,0,0
0,0,0,0,0,0,0
0,0,0,0,0,0,0
34,34,34,34,0,0,34
0,0,45,0,0,0,0
0,0,0,0,0,0,0
37,37,37,37,0,38,38
9,9,9,9,0,9,9
38,38,38,38,0,37,37
34,34,34,34,0,5,34
50,50,49,49,0,0,50
0,0,0,0,0,0,0
40,0,14,0,0,0,0
0,0,0,0,0,0,0
20,20,20,20,0,0,20
0,0,0,0,0,0,0
0,0,0,0,0,0,0
0,0,0,0,0,0,0
6,6,6,6,0,6,6
0,0,0,0,0,0,0
0,0,0,0,0,0,0
0,0,14,4,0,0,0
0,0,0,0,0,43,0
6,6,6,6,0,6,6
0,0,14,0,0,0,0
33,33,33,33,0,0,0
0,0,0,0,0,0,4
24,24,24,24,0,24,24
0,0,0,0,0,0,0
0,0,0,0,0,0,0
9,9,14,0,0,25,9
34,34,34,0,0,0,34
4,4,4,4,0,0,4
0,0,0,0,0,0,0
0,0,0,0,0,0,0
0,0,0,0,0,0,0
0,0,0,0,0,0,0
0,0,0,0,0,0,0
0,0,0,0,0,0,0
0,0,0,0,0,0,0
13,3,0,0,0,0,0
46,46,46,46,0,46,46
0,0,0,0,0,0,0
0,0,0,0,0,0,0
0,0,0,0,0,0,0
0,0,0,0,0,18,0
0,0,0,0,0,0,0
15,15,15,15,0,15,15
0,7,0,0,0,0,0
0,0,0,46,0,0,0
0,0,0,0,0,0,0
0,0,0,0,0,0,0
0,0,0,0,0,0,0
15,15,15,15,0,15,15
15,15,15,15,0,15,15
10,10,0,10,0,10,0
41,41,41,41,0,41,41
0,0,0,0,0,0,0
4,4,4,0,0,0,4
0,0,0,0,0,0,0
0,0,0,0,0,0,0
0,0,0,0,0,0,0
0,0,14,0,0,0,0
0,0,0,0,0,0,0
9,9,9,9,0,9,9
0,0,0,0,0,0,0
20,20,20,20,0,0,20
0,0,0,0,0,0,0
0,0,47,0,0,13,0
23,0,0,0,0,0,0
0,0,0,0,0,0,0
0,0,0,0,0,37,0
0,0,0,0,0,0,0
7,0,7,7,0,0,7
0,0,0,0,0,0,0
0,0,0,0,0,0,0
0,0,0,0,0,0,0
0,0,0,0,0,0,0
21,0,0,22,0,0,0
0,0,0,0,0,0,0
0,0,0,0,0,0,0
0,0,0,0,0,0,0
0,0,0,0,0,0,0
20,20,20,20,0,0,20
0,0,0,0,0,5,0
44,43,43,43,0,9,44
0,0,0,0,0,0,0
8,7,8,8,0,7,8
42,0,0,0,0,0,0
0,0,0,0,0,0,0
0,0,0,0,0,0,0
0,0,0,0,0,0,0
4,4,4,4,0,0,4
0,0,0,0,0,22,0
0,0,34,0,0,5,0
0,0,0,0,0,5,0
28,28,28,28,0,28,28
16,16,14,16,0,0,16
0,0,0,0,0,0,0
0,0,0,0,0,37,0
0,0,0,0,0,0,0
0,0,0,0,0,0,0
0,0,0,0,0,0,0
0,0,0,0,0,0,0
0,0,9,0,0,14,0
50,50,49,49,0,0,50
0,0,0,0,0,24,0
0,0,0,0,0,0,0
0,0,0,0,0,0,0
39,39,39,39,0,39,39
0,0,0,0,0,0,0
0,0,0,0,0,0,0
0,0,0,0,0,0,0
0,0,0,0,0,0,0
30,30,30,30,0,29,30
0,0,0,0,0,0,0
0,0,0,0,0,0,0
0,0,0,0,0,0,0
0,0,0,0,0,0,0
0,0,0,0,0,10,0
0,0,0,0,0,0,0
0,0,0,0,0,0,0
23,23,23,23,0,23,23
5,5,5,5,0,0,0
7,0,0,7,0,8,0
0,0,0,0,0,0,0
0,0,0,0,0,0,0
6,6,6,6,0,6,6
0,0,0,0,0,0,0
0,0,0,0,0,0,0
5,5,5,5,0,0,5
0,0,0,0,0,0,0
0,0,0,0,0,0,0
0,0,0,0,0,0,0
4,4,0,4,0,0,4
0,0,0,0,0,0,0
5,5,5,5,0,5,5
0,0,0,0,0,0,0
0,0,0,0,0,0,0
44,43,43,43,0,0,44
0,0,0,0,0,0,0
0,0,0,0,0,0,0
0,0,14,0,0,0,0
0,0,0,0,0,0,0
0,0,0,0,0,0,0
0,0,0,0,0,0,0
0,0,4,0,0,0,0
0,0,0,0,0,0,0
14,14,14,14,0,0,14
0,0,0,0,0,0,0
0,0,0,0,0,0,0
0,0,0,42,0,0,0
25,0,0,0,0,0,0
9,0,14,0,0,9,9
0,0,0,38,0,0,0
0,0,0,0,0,0,0
5,0,5,5,0,5,5
0,0,0,0,0,36,0
13,0,0,0,0,0,0
0,0,0,0,0,0,0
0,0,0,0,0,0,0
0,0,0,0,0,0,0
0,0,0,0,0,50,0
0,0,0,0,0,0,0
20,20,20,20,0,0,20
0,0,0,0,0,0,0
2,0,0,0,0,0,0
47,47,47,47,0,47,47
3,3,3,3,0,3,3
0,18,18,18,0,0,18
12,12,12,12,0,12,12
3,3,3,3,0,0,3
11,11,11,11,0,11,11
0,2,0,0,0,0,0
2,0,0,2,0,2,0
8,7,8,8,0,0,8
0,0,0,0,0,0,0
0,0,0,0,0,0,0
0,0,0,0,0,0,0
2,0,0,0,0,0,0
0,0,0,0,0,0,0
0,0,0,0,0,0,0
0,0,0,0,0,0,0
0,0,0,0,0,0,0
0,41,0,0,0,0,0
0,13,0,0,0,0,0
0,0,0,0,0,0,0
20,20,0,0,0,0,0
0,0,0,0,0,0,0
12,0,0,0,0,0,0
14,14,14,14,0,16,14
0,0,0,0,0,0,0
7,8,7,7,0,8,7
7,8,7,7,0,0,0
0,0,14,0,0,0,0
0,0,0,0,0,0,0
3,8,0,13,0,0,0
0,0,14,0,0,0,0
0,0,0,0,0,0,0
28,28,28,28,0,0,28
0,0,0,0,0,0,0
0,0,14,19,0,0,19
0,0,0,12,0,0,0
0,0,0,0,0,0,0
14,0,0,0,0,37,0
5,5,5,5,0,5,5
0,0,49,0,0,0,0
0,0,0,0,0,0,0
1,0,14,1,0,0,4
0,0,0,0,0,0,4
0,0,0,0,0,0,0
44,0,43,43,0,0,44
0,0,0,0,0,0,0
0,0,0,0,0,0,0
0,0,0,0,0,0,0
0,0,0,12,0,0,0
49,49,50,50,0,50,49
0,0,0,0,0,0,0
0,0,0,0,0,0,0
1,1,1,1,0,1,1
0,0,0,0,0,0,0
0,0,0,0,0,0,0
0,0,0,0,0,0,0
9,9,9,9,0,9,9
5,5,5,5,0,0,0
0,0,0,13,0,0,0
0,0,0,0,0,0,0
18,0,0,0,0,0,0
0,0,0,0,0,0,0
11,11,11,11,0,11,11
0,0,0,0,0,0,0
0,0,0,0,0,0,0
11,11,11,11,0,11,11
46,46,46,46,0,46,46
0,0,0,0,0,0,0
0,0,0,0,0,0,0
0,0,0,46,0,0,0
11,11,11,11,0,11,11
0,10,0,0,0,0,0
0,15,0,0,0,0,0
0,18,18,18,0,0,18
12,12,12,12,0,0,12
30,30,30,30,0,29,30
0,0,0,3,0,0,0
15,15,15,15,0,15,15
0,0,0,0,0,0,0
0,0,0,0,0,0,0
41,0,0,0,0,41,0
0,0,0,0,0,0,0
0,20,0,0,0,0,0
1,1,1,1,0,0,1
0,0,0,0,0,0,0
0,34,14,0,0,0,0
0,0,0,0,0,0,0
31,0,0,0,0,0,0
0,0,0,0,0,0,0
0,0,0,0,0,0,0
18,0,18,18,0,0,18
0,0,0,0,0,0,0
0,0,0,0,0,0,0
9,9,0,9,0,0,9
21,21,21,22,0,22,22
0,0,0,0,0,0,0
35,0,35,35,0,0,0
13,0,0,13,0,13,0
22,22,22,21,0,21,21
0,0,0,0,0,0,0
0,0,0,0,0,0,0
9,9,9,9,0,9,9
0,0,0,0,0,0,0
19,0,0,0,0,0,0
0,0,0,0,0,0,0
12,12,12,12,0,0,12
0,0,0,0,0,0,0
0,0,0,0,0,0,0
0,4,14,4,0,0,19
0,0,0,0,0,0,0
0,0,0,0,0,0,0
0,0,0,0,0,0,0
42,44,42,44,0,0,42
31,32,32,31,0,0,32
0,0,0,0,0,0,0
0,0,14,0,0,0,0
0,0,0,0,0,0,0
4,4,4,4,0,0,4
0,0,28,0,0,0,0
40,40,14,0,0,0,40
0,0,14,4,0,0,0
40,40,40,0,0,0,0
14,0,0,0,0,0,0
0,0,49,0,0,0,0
9,0,0,0,0,0,0
0,0,0,42,0,0,0
0,0,0,0,0,0,0
0,0,0,0,0,0,0
0,0,0,0,0,0,0
0,0,0,0,0,0,0
0,0,0,0,0,0,0
0,0,0,0,0,0,0
0,0,0,0,0,0,0
0,0,0,0,0,0,0
12,0,0,0,0,0,0
0,0,0,0,0,0,0
0,0,2,0,0,10,0
0,0,0,0,0,12,0
0,0,0,0,0,0,0
0,0,0,0,0,0,0
0,0,12,0,0,0,0
10,10,10,10,0,10,10
0,0,0,0,0,0,0
0,0,0,0,0,0,0
0,10,0,0,0,0,0
0,0,0,0,0,0,0
28,28,28,28,0,28,28
0,0,0,0,0,0,0
0,0,0,0,0,0,0
5,5,5,5,0,5,5
0,0,0,0,0,0,0
0,0,0,0,0,0,0
0,0,0,0,0,0,0
0,0,0,0,0,0,0
0,0,0,0,0,0,0
0,0,0,0,0,0,0
0,0,0,6,0,0,48
1,1,1,1,0,0,1
32,31,31,32,0,0,31
0,0,14,17,0,0,0
1,1,1,1,0,1,1
0,0,0,0,0,0,0
0,0,0,0,0,0,0
0,0,0,0,0,0,0
0,0,0,0,0,0,0
42,0,0,0,0,3,42
0,0,0,0,0,0,0
0,0,24,0,0,47,0
0,0,0,1,0,0,0
0,0,0,0,0,0,0
0,0,0,0,0,0,0
50,50,49,49,0,0,50
0,0,0,0,0,0,0
0,0,0,0,0,0,0
0,0,0,0,0,0,0
0,0,0,0,0,0,0
28,28,28,28,0,28,28
0,0,0,0,0,0,0
0,0,0,0,0,0,0
0,0,3,0,0,0,0
0,47,47,0,0,0,0
4,4,4,4,0,0,4
1,1,1,1,0,1,1
0,0,0,0,0,0,0
0,0,0,0,0,0,0
0,0,0,0,0,0,0
0,0,0,0,0,0,0
0,0,0,0,0,0,0
0,0,0,0,0,0,0
13,0,0,36,0,0,0
0,0,0,0,0,0,0
0,0,0,0,0,0,0
37,37,37,37,0,0,38
0,0,17,0,0,0,17
0,0,0,0,0,0,0
0,0,2,0,0,0,0
0,0,0,0,0,0,0
0,0,0,0,0,0,0
11,11,11,11,0,11,11
0,0,0,0,0,0,0
0,0,0,0,0,0,0
2,2,2,2,0,0,2
0,0,0,0,0,0,0
0,0,0,0,0,0,0
0,10,2,10,0,0,2
10,10,10,10,0,10,0
0,0,0,0,0,0,0
0,0,0,41,0,0,0
0,0,0,0,0,0,0
10,10,10,10,0,10,0
0,0,0,0,0,0,0
0,0,0,0,0,0,0
0,0,0,0,0,0,0
43,42,16,42,0,0,43
0,0,0,0,0,0,0
4,0,0,4,0,14,0
4,4,14,0,0,0,4
0,0,0,0,0,5,0
1,0,0,0,0,0,0
21,21,21,22,0,0,22
0,40,14,0,0,0,34
0,14,0,0,0,0,0
0,0,49,0,0,0,0
6,6,6,6,0,6,6
14,14,14,0,0,0,14
46,46,46,46,0,46,46
0,0,0,0,0,0,0
23,0,23,23,0,0,23
0,0,6,6,0,0,0
0,0,6,0,0,0,27
0,34,28,14,0,0,0
0,0,8,0,0,0,0
25,25,25,25,0,0,25
0,0,0,0,0,0,0
0,0,0,0,0,0,0
4,0,4,0,0,0,4
0,0,0,0,0,0,0
20,20,0,0,0,5,20
0,0,0,34,0,0,0
0,0,0,0,0,5,0
0,0,0,0,0,0,0
0,0,8,0,0,0,0
0,0,0,0,0,0,0
0,0,0,0,0,0,0
29,29,29,29,0,30,29
0,0,14,0,0,0,0
0,0,0,0,0,0,0
0,0,0,0,0,0,0
14,14,14,14,0,25,0
17,17,17,17,0,17,17
0,0,14,0,0,0,0
19,19,14,0,0,0,19
23,23,23,23,0,3,23
18,18,18,18,0,0,18
3,3,3,3,0,3,3
0,0,0,0,0,0,0
0,0,0,0,0,0,0
0,0,0,0,0,0,0
0,0,0,0,0,0,0
0,0,0,0,0,0,0
46,46,46,46,0,46,46
0,0,0,0,0,0,0
0,0,0,0,0,0,0
2,2,2,2,0,0,2
0,0,0,0,0,2,0
0,0,0,0,0,0,0
30,30,0,30,0,29,30
0,10,0,0,0,0,0
0,0,0,0,0,0,0
0,0,0,0,0,0,0
0,0,0,0,0,0,0
0,0,0,0,0,0,0
0,0,0,0,0,0,0
26,26,26,41,0,41,26
21,21,21,22,0,0,22
44,0,43,42,0,0,44
27,27,27,27,0,0,27
1,1,14,0,0,1,0
0,0,0,0,0,0,0
0,0,0,0,0,0,0
0,0,0,0,0,0,0
0,0,0,0,0,0,0
33,33,0,0,0,0,0
0,0,0,0,0,0,0
0,0,0,0,0,0,14
23,23,23,23,0,0,23
0,0,0,0,0,0,0
0,0,4,0,0,0,0
0,0,0,0,0,0,0
0,0,4,0,0,0,0
1,1,1,1,0,1,1
0,0,0,0,0,0,0
20,20,20,20,0,0,20
0,0,45,0,0,14,0
0,0,0,0,0,0,0
0,0,14,0,0,3,0
0,0,14,0,0,0,0
0,0,34,0,0,0,0
0,0,0,0,0,0,0
28,0,28,28,0,0,28
0,0,0,0,0,0,0
0,0,0,0,0,0,0
12,12,12,12,0,0,12
0,0,0,0,0,0,0
0,0,0,0,0,0,0
31,32,0,0,0,0,0
0,0,0,0,0,0,0
0,0,0,0,0,0,0
0,0,14,0,0,0,34
1,1,1,1,0,1,1
28,28,28,28,0,0,28
32,31,31,32,0,0,31
14,14,14,0,0,0,0
0,0,0,0,0,0,0
0,0,0,0,0,0,0
0,0,0,0,0,0,0
0,0,0,0,0,0,0
49,49,50,50,0,50,49
0,0,0,0,0,0,0
0,0,0,0,0,0,0
0,0,0,0,0,0,0
0,0,0,0,0,0,0
26,0,26,0,0,0,0
0,0,0,0,0,0,0
47,47,47,47,0,0,47
0,0,0,0,0,0,0
42,44,42,44,0,0,42
0,0,0,0,0,0,0
0,0,0,0,0,0,0
0,0,0,0,0,0,0
0,0,0,0,0,0,0
8,7,8,8,0,7,8
0,0,0,0,0,0,0
0,0,0,0,0,0,0
0,0,0,0,0,0,0
2,2,2,0,0,0,2
0,0,0,0,0,0,0
0,0,0,0,0,0,0
0,0,0,0,0,0,0
0,0,0,0,0,0,0
0,0,0,0,0,0,0
42,44,42,44,0,0,42
0,0,0,0,0,0,0
0,0,0,7,0,0,0
0,0,0,0,0,0,0
0,0,0,0,0,0,0
0,0,0,0,0,0,0
0,0,43,0,0,0,0
4,0,0,0,0,0,4
23,23,0,23,0,0,0
0,0,0,0,0,0,0
47,0,0,0,0,47,0
1,1,1,1,0,1,1
0,0,0,0,0,0,0
24,24,24,24,0,24,24
50,50,49,49,0,0,50
35,0,35,0,0,0,0
0,0,0,0,0,0,0
0,0,0,0,0,0,0
0,0,0,0,0,0,0
0,0,0,0,0,0,0
0,0,0,0,0,0,0
6,6,6,6,0,6,6
0,0,0,0,0,0,0
50,0,49,49,0,0,50
0,0,0,0,0,0,0
0,0,14,0,0,0,34
0,0,19,0,0,0,34
0,0,0,0,0,0,0
9,9,9,9,0,9,9
4,4,4,4,0,0,4
0,0,0,42,0,13,0
0,0,0,0,0,0,0
0,0,0,0,0,0,0
1,1,1,1,0,0,1
17,0,0,17,0,0,0
0,0,0,18,0,3,0
3,3,47,47,0,3,47
13,13,13,3,0,0,0
0,0,0,0,0,0,0
8,7,8,8,0,0,8
0,0,0,0,0,0,0
0,0,0,0,0,0,0
0,0,0,0,0,0,0
0,0,0,0,0,0,0
0,0,0,0,0,0,0
0,0,0,0,0,0,0
0,0,0,0,0,0,0
0,0,0,0,0,12,0
0,0,0,0,0,0,0
0,0,0,0,0,0,0
0,0,0,0,0,0,0
0,0,0,0,0,0,0
0,0,0,15,0,0,0
12,12,12,12,0,0,12
0,0,0,0,0,0,0
0,0,0,0,0,0,0
0,0,0,0,0,0,0
0,0,0,0,0,0,0
0,0,0,0,0,0,0
41,41,41,41,0,41,41
0,0,0,0,0,0,0
0,0,0,0,0,5,0
4,4,0,4,0,4,4
0,0,0,0,0,0,0
0,0,0,0,0,0,0
47,0,0,0,0,38,0
0,0,0,0,0,0,0
0,0,0,0,0,0,0
31,32,32,31,0,0,0
0,0,0,0,0,0,0
0,0,0,39,0,0,0
0,0,0,0,0,0,0
12,12,12,12,0,0,12
47,47,47,47,0,47,47
0,0,0,0,0,0,0
32,31,31,32,0,0,31
14,0,14,14,0,0,0
0,0,0,0,0,0,0
0,0,0,0,0,0,0
0,0,0,0,0,0,0
0,0,0,0,0,0,0
22,22,22,21,0,21,21
0,0,0,0,0,3,0
50,0,49,49,0,0,50
0,0,0,0,0,0,0
48,48,48,48,0,0,48
0,0,0,0,0,0,0
25,25,0,25,0,0,25
0,0,0,34,0,0,19
0,0,0,0,0,0,0
0,0,0,0,0,0,0
0,0,14,0,0,0,0
37,37,37,37,0,38,38
0,40,0,0,0,0,0
43,0,0,0,0,0,0
0,0,14,0,0,0,0
0,0,0,0,0,0,0
6,6,6,6,0,6,6
6,0,6,6,0,0,6
0,0,0,0,0,0,0
0,0,0,0,0,0,0
0,0,0,0,0,0,0
31,32,32,31,0,0,32
0,0,0,0,0,0,0
13,0,43,0,0,0,0
2,2,2,2,0,2,2
0,0,0,0,0,0,0
0,0,0,0,0,0,0
8,7,8,8,0,7,8
0,0,0,0,0,0,0
0,0,0,0,0,0,0
0,0,0,0,0,11,0
0,0,12,0,0,0,0
0,0,0,0,0,0,0
0,0,0,0,0,41,0
0,0,0,0,0,0,0
0,0,0,0,0,0,0
15,15,15,15,0,15,15
0,0,0,0,0,0,0
0,0,0,0,0,0,0
0,0,0,0,0,0,0
10,10,10,0,0,10,10
0,0,0,0,0,0,0
0,0,0,0,0,41,0
0,0,0,0,0,0,0
0,0,0,0,0,0,0
0,0,17,0,0,0,0
0,0,0,0,0,0,0
4,4,14,4,0,0,4
34,34,34,34,0,0,34
0,0,14,0,0,6,0
37,37,37,37,0,0,38
4,0,14,0,0,0,0
7,0,0,0,0,47,0
0,0,0,0,0,0,0
5,5,5,5,0,5,5
0,0,0,0,0,0,0
0,0,0,46,0,0,0
0,0,0,0,0,0,0
0,0,27,0,0,0,0
0,0,14,0,0,0,0
6,6,6,6,0,6,6
0,0,14,0,0,0,0
0,0,0,0,0,0,0
0,0,0,0,0,0,0
1,1,1,1,0,1,1
0,0,0,0,0,3,0
3,3,3,3,0,3,3
23,23,23,23,0,0,23
0,0,0,0,0,42,0
0,0,0,0,0,0,0
0,0,0,0,0,0,0
50,0,49,0,0,0,0
0,0,14,0,0,0,0
1,1,1,1,0,1,1
0,0,0,0,0,0,0
0,0,0,0,0,0,0
36,0,36,36,0,0,0
16,16,16,0,0,0,16
16,16,16,16,0,0,16
0,34,16,0,0,0,0
3,3,3,3,0,3,3
0,0,0,0,0,0,0
3,3,3,3,0,3,3
36,8,36,36,0,22,36
0,0,0,0,0,0,0
6,6,6,6,0,6,6
6,6,6,6,0,6,6
1,1,1,1,0,1,1
21,21,21,22,0,0,22
1,1,1,1,0,1,1
0,0,0,0,0,0,0
32,31,31,32,0,0,31
0,0,0,0,0,12,0
0,0,0,0,0,5,0
42,44,42,44,0,0,42
0,0,0,0,0,0,0
0,0,0,0,0,0,0
0,0,0,0,0,0,0
0,0,0,0,0,0,0
0,0,0,0,0,0,0
11,11,11,11,0,11,11
0,0,0,0,0,0,0
0,0,0,0,0,0,0
0,0,0,0,0,0,0
0,0,0,0,0,0,0
0,0,0,0,0,0,0
0,0,26,0,0,0,0
0,0,0,0,0,0,0
0,0,0,0,0,0,0
6,6,0,6,0,6,0
48,48,48,48,0,0,48
0,0,13,45,0,0,0
0,0,0,0,0,0,0
0,0,0,0,0,0,0
49,49,50,50,0,50,49
0,0,0,0,0,45,0
48,48,48,48,0,0,48
0,0,0,0,0,0,0
29,29,29,29,0,30,29
0,0,0,0,0,0,0
0,0,0,0,0,0,0
0,0,0,0,0,47,0
3,3,3,3,0,3,0
0,0,0,0,0,0,0
50,50,49,0,0,0,0
28,0,28,28,0,28,28
0,0,0,0,0,0,0
0,0,0,0,0,0,0
0,0,0,0,0,47,0
0,0,0,0,0,0,0
0,0,0,0,0,0,0
17,17,17,17,0,17,17
0,47,0,0,0,0,0
9,0,9,9,0,9,9
0,0,0,0,0,0,0
31,32,32,31,0,0,32
0,0,0,0,0,0,19
0,0,0,0,0,0,0
5,5,5,5,0,5,5
0,0,0,0,0,0,0
0,0,0,0,0,0,0
19,19,0,19,0,0,19
0,0,4,0,0,0,0
0,0,0,0,0,0,0
0,0,0,0,0,0,0
0,0,0,0,0,0,0
0,0,0,0,0,0,0
40,0,0,0,0,0,0
2,0,0,0,0,0,0
0,0,0,0,0,0,0
0,0,0,0,0,0,0
0,0,0,42,0,0,0
0,0,0,0,0,0,0
0,0,0,0,0,0,0
0,0,0,0,0,0,0
39,39,39,39,0,0,39
0,0,0,0,0,0,0
0,0,0,0,0,0,0
0,0,0,0,0,0,0
2,2,2,2,0,11,2
12,0,12,12,0,12,0
0,0,0,0,0,0,0
0,0,0,0,0,0,0
0,0,0,0,0,0,0
0,0,0,0,0,0,0
2,2,2,2,0,2,2
0,0,0,0,0,0,0
0,0,0,0,0,2,0
10,10,2,10,0,0,0
10,10,10,10,0,10,10
0,0,0,0,0,0,0
0,0,0,0,0,0,0
31,32,32,31,0,0,32
0,0,0,0,0,0,0
1,1,1,1,0,0,1
9,9,9,9,0,9,9
0,0,0,0,0,0,0
0,0,0,0,0,0,0
0,0,0,0,0,0,0
0,0,0,0,0,0,0
4,4,4,4,0,12,4
0,14,0,0,0,0,34
0,0,0,0,0,0,0
0,0,34,5,0,0,0
0,0,0,0,0,0,0
0,0,0,0,0,0,0
21,21,21,22,0,46,0
0,0,0,0,0,0,0
0,0,0,0,0,0,0
0,0,0,0,0,0,0
0,0,0,0,0,37,0
0,0,0,0,0,0,0
21,0,0,22,0,22,22
43,42,44,42,0,0,43
0,0,14,0,0,46,0
0,0,0,0,0,0,0
0,0,0,0,0,0,0
0,0,0,0,0,0,0
0,0,0,0,0,0,0
0,0,0,0,0,0,0
20,20,20,20,0,0,20
0,0,0,0,0,0,0
0,0,0,0,0,0,0
0,0,0,0,0,0,0
0,0,0,0,0,0,0
0,0,0,0,0,0,8
38,38,38,38,0,37,37
40,40,0,0,0,0,0
0,0,0,0,0,0,0
0,0,14,0,0,0,0
25,25,25,25,0,0,25
0,0,0,0,0,0,0
0,0,0,22,0,0,0
0,0,0,0,0,0,0
0,0,0,0,0,3,0
0,0,0,0,0,0,0
13,13,13,13,0,13,13
37,37,37,37,0,38,38
0,0,0,0,0,0,0
39,39,39,39,0,0,39
0,0,0,0,0,0,0
43,0,0,0,0,37,0
12,12,12,12,0,0,12
39,39,39,39,0,39,39
8,7,8,8,0,0,8
12,0,12,12,0,0,12
0,0,0,0,0,0,0
0,0,0,0,0,0,0
0,0,0,0,0,2,0
0,0,0,0,0,0,0
0,0,0,0,0,0,0
0,0,0,0,0,0,0
41,0,0,41,0,0,0
0,0,0,0,0,0,0
0,0,0,0,0,0,0
0,0,0,0,0,0,30
5,0,0,0,0,0,0
0,0,0,0,0,0,0
19,19,19,19,0,19,19
12,12,12,7,0,47,0
0,0,0,0,0,0,0
0,0,0,37,0,37,0
0,0,0,0,0,22,0
0,0,0,0,0,0,0
0,0,0,0,0,0,0
0,0,0,0,0,0,0
0,0,0,0,0,0,0
50,0,0,0,0,0,0
0,0,0,0,0,0,0
0,0,0,0,0,0,0
0,0,0,7,0,0,0
1,1,1,1,0,1,1
49,49,50,50,0,50,49
4,0,0,0,0,0,0
0,0,0,0,0,0,0
0,0,0,0,0,0,0
0,0,14,0,0,0,0
0,0,0,0,0,0,0
0,0,0,0,0,0,0
9,9,9,9,0,9,0
0,0,0,0,0,0,0
0,0,0,0,0,0,0
0,0,0,0,0,0,0
1,1,1,1,0,1,1
0,0,0,0,0,0,0
0,0,0,0,0,0,0
19,19,19,19,0,19,19
0,0,0,0,0,0,0
0,0,14,0,0,37,0
0,0,0,0,0,0,0
0,0,0,0,0,0,0
34,0,0,0,0,0,0
32,31,31,32,0,47,31
11,11,11,11,0,11,0
0,0,0,0,0,0,0
21,21,0,22,0,0,22
42,0,42,44,0,0,42
0,0,0,0,0,5,0
0,0,0,0,0,0,0
0,0,0,0,0,0,0
0,0,0,0,0,0,0
0,0,0,0,0,0,0
0,0,0,0,0,0,0
0,0,0,0,0,0,0
26,0,26,0,0,0,26
0,0,0,0,0,0,0
8,0,8,0,0,0,8
0,0,0,0,0,0,0
0,0,0,0,0,0,0
2,2,2,2,0,0,2
0,0,17,0,0,0,0
0,2,0,0,0,0,0
2,2,2,2,0,2,2
0,0,0,0,0,0,0
0,0,0,0,0,0,0
0,0,0,0,0,0,0
26,26,26,26,0,0,0
0,0,0,0,0,0,0
0,0,0,0,0,0,0
0,0,0,0,0,0,0
0,0,14,0,0,0,0
38,38,38,0,0,0,37
0,0,0,0,0,0,0
27,27,27,27,0,0,27
0,0,0,0,0,0,0
0,0,0,0,0,19,0
0,0,14,0,0,0,0
49,49,50,50,0,50,49
0,0,0,0,0,0,0
27,0,0,0,0,0,0
0,0,0,0,0,0,0
0,0,0,0,0,0,0
0,0,0,0,0,0,0
0,0,0,34,0,0,0
0,0,0,0,0,0,29
0,0,0,0,0,5,0
0,0,0,0,0,0,0
0,0,0,0,0,45,0
4,4,4,0,0,0,4
0,0,0,0,0,0,0
21,21,21,22,0,0,22
0,0,0,0,0,0,0
1,1,1,1,0,1,1
34,34,14,34,0,0,34
22,22,19,0,0,0,0
0,0,0,4,0,0,0
2,2,2,0,0,0,2
0,0,14,0,0,0,0
0,0,0,0,0,0,0
36,36,36,36,0,0,36
0,0,0,0,0,0,0
0,0,0,0,0,36,0
17,17,0,17,0,0,0
4,19,0,0,0,0,0
9,9,9,9,0,9,9
0,0,0,0,0,0,0
0,0,0,0,0,0,0
0,0,0,0,0,1,0
23,23,23,0,0,0,23
48,48,48,48,0,0,48
49,49,50,50,0,50,0
0,0,0,0,0,0,0
0,0,0,0,0,0,0
3,3,3,3,0,3,3
0,0,0,0,0,0,0
11,11,11,11,0,0,11
39,39,0,0,0,39,0
0,0,0,0,0,0,0
2,0,0,0,0,2,0
12,12,0,0,0,0,0
0,0,0,0,0,0,0
0,0,0,0,0,0,0
2,2,2,2,0,2,2
0,0,0,0,0,0,0
0,0,0,0,0,0,0
0,0,0,0,0,0,0
0,0,0,0,0,15,0
0,0,0,0,0,0,0
0,10,0,0,0,0,0
0,0,0,0,0,0,0
0,0,0,0,0,0,0
0,0,0,0,0,0,0
0,0,0,41,0,41,0
0,41,0,0,0,0,41
0,0,0,0,0,0,0
0,0,0,0,0,0,0
9,9,9,9,0,9,9
0,0,0,0,0,0,0
9,9,9,9,0,9,9
0,0,0,0,0,0,0
14,0,26,12,0,0,0
0,0,0,0,0,0,0
39,39,39,39,0,0,39
0,0,0,0,0,0,0
37,37,37,37,0,47,38
9,9,9,9,0,9,0
0,0,0,0,0,0,0
7,0,7,7,0,37,7
0,0,0,0,0,0,0
16,0,16,16,0,0,16
35,35,35,19,0,0,35
0,0,0,0,0,0,0
1,1,1,1,0,1,1
0,0,0,32,0,0,0
0,0,0,0,0,0,0
0,0,0,0,0,0,0
0,0,0,0,0,0,0
14,0,0,4,0,0,0
0,0,0,0,0,6,0
42,0,22,0,0,0,0
0,0,0,0,0,0,0
0,0,0,0,0,0,0
27,27,27,27,0,0,27
0,0,0,0,0,0,0
0,0,0,0,0,19,0
0,0,0,0,0,0,0
16,16,14,16,0,0,16
1,1,1,1,0,1,1
0,0,0,0,0,0,0
0,0,0,0,0,0,0
0,0,0,0,0,47,0
0,0,0,0,0,0,0
0,0,0,0,0,5,0
0,0,0,0,0,0,0
0,0,0,0,0,0,0
0,0,0,0,0,37,0
18,18,18,18,0,0,18
0,0,0,0,0,0,0
3,3,0,3,0,3,0
0,0,0,0,0,0,0
0,0,12,0,0,0,0
0,0,3,0,0,0,0
11,11,11,11,0,0,11
11,11,11,11,0,11,11
0,0,0,0,0,0,0
11,11,0,11,0,0,11
0,0,0,0,0,0,0
0,0,0,0,0,0,0
0,0,0,0,0,0,0
0,0,0,0,0,0,0
30,30,30,30,0,29,30
0,0,0,0,0,0,0
0,0,10,0,0,10,0
0,0,0,0,0,0,0
0,0,0,0,0,0,0
0,30,26,0,0,0,0
0,0,0,0,0,0,0
0,0,0,0,0,0,0
5,5,5,5,0,5,5
0,0,0,0,0,0,0
7,8,7,7,0,8,7
28,28,28,28,0,0,28
0,0,0,0,0,0,0
0,0,0,0,0,0,0
45,45,45,45,0,0,45
0,0,0,0,0,0,0
0,0,0,0,0,0,0
28,28,28,28,0,0,28
5,5,5,5,0,5,5
3,0,0,0,0,0,0
0,0,0,0,0,0,1
0,0,0,0,0,0,0
0,0,0,0,0,0,0
0,0,0,0,0,0,0
0,0,0,0,0,0,0
0,0,0,0,0,0,0
22,22,22,21,0,21,21
4,4,4,4,0,0,4
6,6,6,6,0,6,6
0,0,0,0,0,0,0
0,0,45,0,0,0,0
0,0,8,0,0,14,0
0,0,40,0,0,0,0
34,34,34,34,0,0,0
0,0,0,0,0,0,0
0,0,0,0,0,0,0
0,0,0,0,0,4,0
0,0,0,0,0,0,0
45,0,24,24,0,0,0
23,23,23,23,0,0,23
0,0,14,0,0,0,0
0,0,14,0,0,0,0
0,0,0,0,0,0,0
0,0,0,0,0,0,0
0,0,0,0,0,0,0
22,22,22,21,0,21,21
0,0,14,4,0,0,0
0,0,0,0,0,0,0
0,0,14,0,0,0,0
0,0,0,0,0,3,0
0,0,0,0,0,0,0
0,0,0,0,0,0,0
0,0,0,0,0,0,0
26,26,26,26,0,0,26
0,0,12,12,0,0,0
2,0,2,0,0,0,0
13,13,13,13,0,13,0
11,11,11,11,0,0,11
11,11,11,11,0,11,11
0,0,0,0,0,0,0
0,0,0,0,0,0,0
0,0,0,0,0,0,0
0,0,0,0,0,0,0
0,0,0,3,0,0,0
0,0,0,0,0,0,0
0,0,12,0,0,0,0
0,0,0,0,0,0,0
0,0,0,0,0,0,0
0,0,0,0,0,0,0
0,0,0,0,0,0,0
0,0,0,0,0,10,0
0,0,0,0,0,0,0
23,23,23,23,0,0,23
0,0,0,0,0,0,0
0,0,0,0,0,0,0
0,34,34,34,0,0,34
0,0,0,0,0,0,0
7,0,0,5,0,0,0
6,6,6,6,0,6,6
0,0,0,0,0,0,0
0,0,0,0,0,0,0
0,0,14,0,0,14,0
0,0,0,0,0,0,0
8,7,8,8,0,0,8
0,0,0,0,0,0,0
0,0,0,0,0,0,0
31,32,32,31,0,37,32
45,0,0,0,0,0,0
0,0,0,0,0,0,0
34,0,0,0,0,0,0
0,0,0,0,0,0,0
0,0,0,0,0,0,0
0,0,0,0,0,0,0
0,0,0,0,0,0,0
0,0,0,0,0,40,0
20,20,20,20,0,0,20
3,3,3,3,0,3,3
0,0,0,0,0,0,0
46,0,0,0,0,0,0
0,0,0,0,0,0,0
48,48,48,48,0,0,48
0,0,0,0,0,0,0
13,0,0,0,0,0,0
36,0,0,0,0,0,36
0,0,0,0,0,13,0
0,0,0,0,0,0,0
0,0,0,0,0,0,0
0,0,0,0,0,0,0
0,0,43,42,0,0,0
40,40,0,0,0,4,0
34,0,0,34,0,0,0
16,0,16,0,0,0,16
20,20,20,20,0,0,20
0,0,0,0,0,0,0
0,0,0,0,0,0,0
3,0,3,3,0,3,3
0,1,4,0,0,0,0
0,0,0,0,0,0,0
0,0,0,0,0,0,0
8,0,8,0,0,0,0
2,2,2,2,0,0,2
43,42,0,0,0,0,0
2,2,0,0,0,2,0
0,0,0,0,0,0,0
0,0,0,0,0,0,0
0,0,0,0,0,0,0
0,0,0,0,0,0,0
0,0,0,0,0,0,0
15,15,15,15,0,15,15
0,0,0,0,0,0,0
0,0,0,0,0,10,0
10,10,10,10,0,10,0
0,0,0,0,0,0,0
0,0,0,0,0,0,0
0,0,0,0,0,0,0
0,0,0,0,0,41,0
24,0,24,0,0,0,0
0,0,0,0,0,0,0
0,0,0,0,0,0,0
0,0,0,0,0,0,0
1,1,0,1,0,1,1
0,0,0,0,0,37,0
0,0,0,19,0,0,0
45,0,0,0,0,0,0
0,0,0,0,0,0,9
14,14,14,0,0,14,4
0,0,19,0,0,0,0
0,0,0,0,0,0,0
0,0,14,0,0,0,0
0,0,0,0,0,0,0
16,16,0,0,0,0,16
0,0,0,32,0,0,0
0,0,0,0,0,0,0
0,0,0,0,0,37,0
0,0,14,0,0,0,34
20,20,20,0,0,0,20
12,0,0,0,0,0,0
0,0,43,0,0,0,0
0,0,0,0,0,0,0
29,0,29,29,0,30,29
0,0,0,0,0,0,0
5,5,5,5,0,5,5
0,0,0,0,0,47,0
0,0,0,0,0,0,0
0,0,0,0,0,0,0
0,0,0,0,0,0,0
24,24,24,24,0,0,0
13,13,13,13,0,13,13
22,22,22,21,0,21,21
0,0,0,0,0,0,0
0,0,0,0,0,0,0
0,0,0,0,0,0,0
42,0,0,44,0,5,0
0,0,45,0,0,0,0
2,0,0,0,0,0,0
0,0,0,0,0,0,0
0,0,0,0,0,0,0
5,5,5,5,0,5,5
0,0,0,0,0,0,0
0,0,0,0,0,0,0
0,0,0,0,0,0,0
0,0,0,0,0,0,0
7,0,7,38,0,37,0
3,3,3,3,0,3,3
0,0,0,0,0,0,0
19,0,19,0,0,0,0
12,12,12,0,0,0,12
0,0,0,0,0,0,0
0,0,0,0,0,0,0
11,11,11,11,0,11,11
0,0,0,0,0,0,0
12,12,12,12,0,12,12
0,0,0,0,0,0,0
0,0,0,0,0,0,0
0,0,0,0,0,0,0
0,0,0,0,0,0,0
0,10,0,0,0,0,0
0,0,0,0,0,0,0
0,0,0,0,0,0,0
0,0,26,0,0,41,0
43,0,0,42,0,5,43
0,0,0,0,0,0,0
27,27,27,27,0,0,27
16,16,16,0,0,0,16
0,0,0,0,0,0,0
38,38,38,38,0,37,37
16,14,16,0,0,0,16
0,0,44,0,0,0,0
50,50,49,49,0,0,50
0,0,0,0,0,0,0
0,0,0,5,0,0,0
0,0,0,0,0,0,0
0,0,0,0,0,0,0
27,27,27,27,0,0,27
0,0,0,0,0,0,0
0,0,0,0,0,0,0
0,0,0,0,0,5,0
0,0,0,0,0,0,0
0,0,0,0,0,0,0
0,0,14,0,0,0,0
0,0,14,0,0,0,0
37,37,37,37,0,38,38
0,0,0,0,0,0,0
0,0,0,0,0,0,0
3,3,3,3,0,3,3
0,0,0,0,0,0,0
0,0,0,0,0,0,0
0,0,0,0,0,0,0
2,2,14,2,0,0,2
0,0,0,0,0,0,0
0,0,0,0,0,0,4
35,0,14,0,0,0,0
0,0,0,0,0,0,0
1,40,0,0,0,0,1
0,0,0,0,0,0,0
8,0,0,0,0,0,0
0,0,0,0,0,0,0
0,0,0,0,0,0,0
0,0,14,0,0,0,0
16,16,16,16,0,0,16
0,0,0,0,0,0,0
0,0,0,0,0,22,0
0,0,0,0,0,0,19
0,0,0,0,0,0,0
0,0,0,0,0,0,0
0,0,0,0,0,0,0
17,17,17,17,0,17,17
0,0,0,0,0,0,0
46,0,0,0,0,0,0
0,0,0,0,0,0,0
0,0,0,0,0,0,0
0,0,0,0,0,0,0
0,0,13,0,0,0,0
11,11,11,11,0,0,11
18,18,18,18,0,18,18
0,0,0,0,0,0,0
0,0,0,0,0,0,0
0,0,0,0,0,0,0
0,0,0,0,0,0,0
15,15,15,15,0,15,15
0,0,0,0,0,0,0
10,10,2,0,0,10,10
0,0,0,0,0,0,0
0,0,0,26,0,0,0
0,0,0,0,0,0,0
0,0,14,0,0,0,0
0,0,0,0,0,0,0
14,0,14,0,0,0,0
0,0,0,0,0,0,0
33,33,33,33,0,0,33
5,5,5,5,0,5,5
0,0,0,0,0,0,0
0,0,0,0,0,0,0
0,0,24,24,0,47,0
0,0,0,0,0,0,0
0,0,0,0,0,0,0
0,0,0,0,0,0,0
20,20,20,20,0,20,20
0,0,0,0,0,0,0
17,17,0,17,0,17,17
45,0,45,0,0,0,0
0,0,14,0,0,0,0
0,0,0,0,0,0,0
0,0,0,42,0,0,0
0,0,0,0,0,0,0
0,0,0,0,0,0,0
0,0,0,0,0,0,0
0,0,0,0,0,0,0
7,8,7,7,0,8,0
0,0,0,0,0,0,0
0,48,0,0,0,0,0
1,1,1,1,0,1,1
0,0,0,0,0,37,0
0,0,0,0,0,0,0
0,0,0,42,0,0,0
7,8,45,7,0,0,0
0,0,0,0,0,0,0
0,40,0,0,0,0,0
1,1,1,1,0,0,1
44,43,43,43,0,43,44
0,0,0,0,0,0,0
0,0,14,0,0,0,0
35,0,35,0,0,0,35
0,0,0,0,0,0,0
0,0,0,0,0,0,0
22,22,22,21,0,19,21
0,0,0,0,0,0,0
14,0,0,0,0,0,0
21,21,21,22,0,0,22
24,24,24,24,0,0,24
0,0,0,0,0,0,0
0,0,0,0,0,0,0
8,7,8,8,0,0,8
12,0,12,12,0,0,0
18,0,18,0,0,0,18
0,0,0,0,0,47,0
26,26,26,26,0,26,26
0,0,0,0,0,0,0
0,0,0,0,0,0,0
0,0,0,0,0,0,0
0,0,0,0,0,41,0
0,0,0,0,0,0,0
0,0,0,0,0,0,0
0,30,0,0,0,0,0
0,0,0,0,0,0,0
30,0,30,0,0,29,0
0,0,0,0,0,0,0
0,0,0,0,0,0,0
0,0,0,0,0,27,0
0,0,47,0,0,0,47
0,0,0,0,0,22,0
3,37,37,3,0,3,3
1,1,1,1,0,1,1
13,13,13,13,0,13,13
35,0,17,0,0,7,0
0,0,0,21,0,0,0
1,1,1,1,0,1,1
0,0,0,0,0,0,0
0,0,0,0,0,0,0
0,0,0,0,0,0,0
7,8,7,7,0,22,7
0,0,0,0,0,0,0
0,0,0,0,0,0,0
0,0,0,0,0,0,0
0,0,0,0,0,0,0
9,9,9,0,0,0,9
7,8,7,7,0,38,7
0,0,14,0,0,0,0
23,0,0,23,0,0,23
0,0,0,0,0,0,0
0,0,0,0,0,0,0
0,0,0,0,0,0,0
0,0,0,42,0,0,0
0,0,0,0,0,0,0
0,0,0,0,0,0,0
6,0,45,6,0,0,6
0,0,0,0,0,0,0
0,0,0,0,0,0,0
0,0,16,19,0,0,0
0,0,0,0,0,0,0
7,8,0,7,0,0,0
33,33,14,33,0,0,0
0,0,0,0,0,0,0
7,0,0,7,0,8,7
0,0,0,0,0,0,0
0,0,9,0,0,0,0
0,32,0,0,0,0,0
0,40,14,14,0,0,0
7,0,7,0,0,37,0
0,0,0,0,0,0,0
0,0,0,0,0,0,0
0,0,45,0,0,0,0
37,37,37,37,0,38,38
13,0,0,22,0,36,0
0,0,0,0,0,0,0
3,3,3,3,0,3,3
0,0,0,0,0,0,0
39,39,39,39,0,39,39
39,39,39,39,0,39,39
11,11,11,11,0,11,11
0,0,0,0,0,0,0
26,26,26,26,0,0,26
0,0,0,0,0,0,0
0,12,0,0,0,2,0
0,0,0,0,0,0,0
10,10,10,10,0,10,0
0,0,0,0,0,0,0
0,0,0,0,0,0,0
0,0,0,0,0,0,0
0,0,26,0,0,29,0
0,0,0,0,0,0,0
41,41,41,41,0,41,41
1,1,1,1,0,1,1
45,0,0,0,0,0,0
0,0,0,0,0,0,0
0,0,14,0,0,0,34
13,0,13,0,0,0,0
0,0,38,0,0,37,0
0,0,0,0,0,0,0
0,34,22,0,0,0,0
6,6,6,6,0,6,6
0,0,0,0,0,0,0
5,5,5,5,0,5,5
8,7,8,8,0,7,8
33,33,33,33,0,0,0
44,0,0,42,0,42,44
33,0,33,0,0,0,16
0,0,0,0,0,0,0
6,6,6,6,0,6,6
0,0,0,0,0,0,0
37,37,37,37,0,38,38
0,0,0,0,0,0,0
0,0,4,0,0,0,0
0,0,0,0,0,0,0
6,6,6,6,0,6,6
50,50,49,49,0,0,50
25,25,25,25,0,25,25
1,1,1,1,0,1,1
0,27,27,0,0,0,0
0,0,0,0,0,48,0
12,12,12,12,0,0,12
1,1,1,1,0,1,1
0,0,0,0,0,0,0
0,0,0,0,0,0,0
0,0,0,0,0,0,0
6,6,6,6,0,0,6
0,40,0,0,0,0,0
34,0,14,34,0,0,0
0,0,0,0,0,0,0
0,0,0,0,0,0,0
23,23,23,23,0,0,23
0,0,0,0,0,0,0
0,0,14,0,0,0,0
25,25,25,25,0,25,25
0,0,0,0,0,0,0
37,37,37,37,0,0,38
0,0,0,0,0,0,0
0,0,0,0,0,0,0
13,13,13,13,0,13,13
0,0,0,0,0,0,0
0,0,0,0,0,0,0
0,18,18,18,0,0,18
0,0,0,0,0,0,0
0,0,0,0,0,0,0
26,26,26,26,0,0,0
0,0,0,0,0,0,0
0,0,0,0,0,0,0
0,0,0,0,0,0,0
0,0,0,0,0,0,0
11,11,0,11,0,0,11
0,0,10,0,0,0,0
0,0,0,0,0,10,0
0,10,0,0,0,0,0
10,10,10,10,0,10,0
0,30,0,0,0,0,0
0,0,0,0,0,0,0
0,0,0,0,0,0,0
0,0,0,0,0,0,0
0,0,0,0,0,0,0
0,0,14,0,0,0,0
32,31,31,32,0,0,31
1,1,1,1,0,1,1
0,0,0,0,0,0,0
0,0,0,0,0,0,0
18,0,18,18,0,0,18
28,28,28,28,0,28,28
4,4,4,4,0,4,4
0,0,0,0,0,0,0
0,0,0,0,0,0,0
0,0,0,0,0,0,0
0,0,0,0,0,0,0
0,0,0,13,0,0,0
14,0,0,45,0,0,0
49,49,50,50,0,50,49
0,0,14,0,0,0,16
0,0,0,0,0,0,0
25,0,25,0,0,0,0
0,0,0,0,0,0,0
49,49,50,50,0,50,49
0,0,0,0,0,0,0
5,5,5,5,0,5,5
0,0,0,0,0,0,0
0,0,0,0,0,0,0
0,0,0,0,0,0,0
0,34,14,19,0,0,0
0,40,0,14,0,11,0
0,0,0,0,0,0,0
1,1,1,1,0,1,1
0,0,0,0,0,0,0
0,0,0,0,0,0,0
0,0,0,0,0,0,0
0,0,0,0,0,0,0
0,34,34,0,0,14,0
0,0,0,0,0,0,0
0,22,0,0,0,0,0
42,44,42,44,0,0,42
3,3,3,3,0,3,3
0,0,0,0,0,0,0
0,0,0,0,0,0,0
0,0,0,0,0,0,0
0,0,0,0,0,0,0
0,0,0,0,0,0,19
0,0,0,0,0,0,0
0,0,0,0,0,0,0
0,0,0,0,0,0,0
0,0,0,0,0,0,0
0,0,0,0,0,0,0
0,0,0,0,0,0,0
0,10,0,0,0,0,0
0,0,0,0,0,0,0
0,10,0,0,0,0,0
0,0,0,0,0,0,0
0,0,0,0,0,0,0
26,26,0,26,0,0,26
30,30,30,30,0,29,30
41,41,41,41,0,41,41
0,0,0,0,0,0,0
26,26,26,26,0,26,26
41,41,41,41,0,41,41
26,26,0,26,0,0,0
0,0,0,0,0,0,0
5,0,14,0,0,5,19
0,0,0,0,0,0,0
0,0,0,34,0,0,0
0,0,0,0,0,0,0
0,0,0,6,0,22,0
5,5,5,5,0,0,5
0,0,0,0,0,0,0
0,0,0,0,0,0,0
40,40,40,40,0,0,0
0,0,0,0,0,0,0
0,0,0,0,0,0,0
20,20,20,20,0,0,20
0,0,0,0,0,6,0
0,0,8,45,0,0,0
0,0,0,0,0,0,0
0,0,0,0,0,0,0
38,0,0,0,0,0,0
13,0,0,42,0,47,0
0,0,0,42,0,0,0
12,12,0,12,0,0,12
1,1,1,1,0,1,1
0,0,0,0,0,0,0
0,0,21,0,0,0,0
0,0,0,0,0,0,0
0,0,0,0,0,0,0
1,1,0,1,0,0,1
0,0,0,14,0,14,1
0,0,0,0,0,0,0
32,31,31,32,0,0,31
0,0,0,34,0,22,0
2,2,8,2,0,0,2
0,0,0,0,0,0,0
24,24,24,24,0,24,24
0,0,0,0,0,0,0
0,0,0,0,0,0,0
0,0,0,0,0,42,0
11,11,11,11,0,11,11
47,47,47,47,0,47,47
39,39,39,39,0,0,39
0,0,0,0,0,0,0
8,7,8,8,0,0,8
0,0,0,0,0,0,0
0,0,0,0,0,0,0
0,0,0,0,0,0,0
2,2,2,2,0,2,2
0,0,0,0,0,10,0
2,10,2,2,0,2,2
0,0,0,0,0,0,0
2,2,2,2,0,2,2
0,0,0,0,0,0,0
0,10,0,0,0,0,0
12,12,12,0,0,0,0
0,0,0,0,0,0,0
0,10,10,0,0,10,0
0,0,0,0,0,0,0
10,10,10,0,0,0,10
0,0,0,0,0,0,0
0,0,0,0,0,0,0
0,0,0,0,0,0,0
0,0,0,0,0,0,0
0,0,0,0,0,0,0
0,0,0,0,0,0,0
0,0,0,0,0,0,0
0,0,0,0,0,37,0
20,20,20,20,0,0,20
6,6,6,6,0,6,6
0,0,0,0,0,0,0
0,0,0,0,0,0,0
0,0,14,0,0,0,0
49,49,50,50,0,50,49
0,0,0,0,0,0,0
0,34,0,0,0,0,4
38,0,0,36,0,37,36
8,7,8,8,0,7,8
7,8,7,7,0,0,7
0,0,0,0,0,0,0
0,0,0,0,0,0,0
45,45,0,45,0,0,0
38,38,38,38,0,0,37
40,40,0,0,0,0,0
0,0,0,48,0,0,0
0,45,0,0,0,0,0
32,31,31,32,0,0,31
1,1,1,1,0,1,1
28,28,28,28,0,28,28
6,6,6,6,0,6,6
0,0,0,0,0,0,0
1,1,1,1,0,0,1
0,0,0,0,0,0,0
0,0,24,0,0,0,0
22,22,22,21,0,21,21
0,0,0,0,0,0,0
0,0,0,0,0,0,0
0,0,0,0,0,37,0
0,0,0,0,0,0,0
0,0,14,0,0,0,0
4,0,0,0,0,0,0
0,0,0,0,0,0,0
0,0,44,42,0,0,0
0,0,0,6,0,0,0
0,0,0,0,0,0,0
48,48,48,48,0,0,48
0,0,0,0,0,0,0
0,0,0,0,0,0,0
46,0,46,46,0,0,0
0,0,0,0,0,0,0
0,0,0,0,0,0,0
0,0,0,0,0,0,0
0,0,0,0,0,0,0
0,0,0,0,0,0,0
0,0,0,0,0,0,0
2,0,0,0,0,0,0
0,0,0,0,0,0,0
0,0,0,0,0,0,0
0,0,0,0,0,10,0
0,0,0,0,0,0,0
2,2,2,2,0,2,2
15,15,15,15,0,15,15
10,10,10,0,0,0,0
15,15,15,15,0,15,15
0,0,0,0,0,0,0
0,0,0,0,0,0,0
0,0,0,0,0,0,0
10,10,10,10,0,10,10
0,0,10,0,0,10,0
0,10,0,0,0,0,0
30,30,30,30,0,29,30
0,0,0,0,0,42,0
0,0,29,0,0,0,0
0,0,0,0,0,0,0
0,40,14,0,0,0,0
0,0,0,0,0,0,0
17,17,17,17,0,17,17
0,0,45,0,0,0,0
0,0,4,0,0,0,0
0,0,0,0,0,0,0
0,0,0,0,0,6,0
0,0,0,0,0,0,0
0,0,0,0,0,0,0
0,0,0,0,0,22,0
43,42,0,42,0,0,0
0,0,0,0,0,0,0
29,29,29,29,0,30,29
0,0,0,0,0,0,0
22,22,14,21,0,21,21
3,3,3,3,0,3,3
0,0,0,0,0,0,0
0,0,0,0,0,0,0
43,42,44,42,0,42,0
36,0,0,0,0,0,36
0,0,14,0,0,0,0
0,14,34,0,0,0,0
0,0,0,0,0,0,0
8,7,8,0,0,0,0
0,0,14,0,0,0,0
0,0,0,0,0,0,0
0,0,0,0,0,0,0
8,7,8,8,0,0,8
0,0,0,0,0,0,0
0,0,0,0,0,0,0
0,0,0,0,0,0,0
0,0,0,0,0,0,0
0,0,0,0,0,0,0
19,0,33,0,0,0,14
21,21,21,22,0,22,22
0,0,0,0,0,0,0
17,17,17,17,0,0,17
0,0,0,45,0,0,0
0,0,0,7,0,0,0
0,0,0,0,0,0,0
0,0,0,0,0,0,0
0,0,0,0,0,0,0
0,0,0,0,0,0,0
0,0,0,0,0,0,0
0,0,0,0,0,0,0
0,0,0,13,0,0,0
18,18,18,18,0,18,18
2,2,2,2,0,2,2
0,0,0,0,0,0,0
0,0,0,0,0,0,0
0,0,0,0,0,0,0
0,0,0,0,0,0,0
0,0,0,0,0,0,0
0,0,0,0,0,0,0
0,0,0,0,0,0,0
10,10,10,10,0,10,0
10,10,10,10,0,10,0
0,0,0,0,0,0,0
30,30,30,30,0,29,30
0,0,0,0,0,29,0
0,0,0,0,0,0,0
0,0,48,0,0,0,0
6,0,0,0,0,0,0
0,0,0,0,0,0,0
0,0,0,0,0,0,1
0,0,14,0,0,0,0
0,0,0,0,0,0,0
9,9,9,9,0,9,9
0,40,0,0,0,0,0
0,0,0,0,0,0,0
0,0,0,0,0,0,0
0,0,0,0,0,0,0
0,0,0,0,0,0,0
25,25,25,25,0,25,25
0,0,14,0,0,0,0
0,0,45,0,0,0,0
0,0,0,0,0,0,0
44,43,43,43,0,0,44
0,0,0,0,0,0,0
0,0,0,0,0,0,0
0,0,0,0,0,0,0
0,0,0,0,0,0,0
0,0,0,0,0,3,0
28,0,28,28,0,0,28
0,0,0,0,0,0,0
36,0,36,36,0,0,36
19,0,19,19,0,0,19
0,0,0,0,0,0,0
19,0,0,0,0,0,0
0,0,0,0,0,0,0
0,0,0,0,0,0,0
14,0,14,0,0,0,0
21,0,0,22,0,0,0
7,8,7,7,0,37,7
0,0,0,0,0,0,0
5,5,5,5,0,5,5
0,0,27,0,0,0,0
5,5,5,5,0,5,5
37,37,37,37,0,38,38
0,0,14,0,0,5,0
0,40,0,0,0,0,0
14,14,0,0,0,0,0
4,4,4,4,0,0,4
1,1,0,0,0,0,1
0,0,0,0,0,0,0
0,0,0,0,0,0,0
16,16,16,16,0,0,16
0,0,0,0,0,0,0
0,0,0,0,0,0,0
12,0,0,12,0,0,0
0,0,0,0,0,0,0
14,0,14,0,0,0,0
6,6,6,6,0,6,6
21,0,0,12,0,13,22
34,34,34,34,0,0,34
8,7,8,8,0,7,8
8,7,8,8,0,7,8
0,0,0,0,0,0,0
0,0,0,0,0,0,0
0,0,0,0,0,0,0
0,0,0,0,0,0,0
0,0,0,0,0,0,0
0,0,0,0,0,10,0
41,41,41,41,0,41,41
0,0,0,0,0,0,0
0,0,0,0,0,0,0
0,0,0,0,0,0,0
0,0,0,0,0,0,0
5,5,5,5,0,5,5
0,0,0,0,0,47,0
0,0,0,0,0,0,0
0,0,0,0,0,0,0
23,23,23,23,0,18,0
0,0,0,0,0,0,0
0,0,0,0,0,0,0
16,16,35,4,0,0,16
0,0,44,0,0,0,0
0,0,0,0,0,0,0
0,0,0,0,0,0,0
0,0,0,0,0,0,0
0,0,0,0,0,0,0
0,0,0,0,0,0,0
0,0,0,0,0,0,0
36,0,0,0,0,0,0
38,38,38,38,0,37,37
0,0,0,0,0,0,0
0,0,0,0,0,0,0
0,0,0,0,0,0,0
40,40,0,0,0,0,0
0,0,0,0,0,0,0
0,0,0,0,0,0,0
0,0,0,0,0,0,0
1,1,1,1,0,6,1
0,0,0,0,0,0,0
28,0,28,28,0,0,28
0,0,0,0,0,0,0
19,0,26,19,0,0,0
0,0,0,0,0,0,0
0,0,0,0,0,0,0
0,0,0,0,0,0,0
0,7,0,0,0,44,0
5,5,5,5,0,5,5
0,0,0,0,0,5,0
0,12,12,12,0,0,12
0,0,0,0,0,0,0
0,0,0,0,0,0,0
0,0,45,0,0,0,0
0,0,0,0,0,0,0
0,0,0,0,0,0,0
0,0,0,0,0,5,0
0,0,0,0,0,0,0
0,0,0,0,0,0,0
0,0,0,0,0,0,0
0,0,0,0,0,0,0
18,18,18,18,0,18,18
0,0,0,0,0,0,0
8,7,8,8,0,0,8
0,0,0,0,0,10,0
0,0,0,0,0,0,0
0,0,0,0,0,0,0
0,0,0,0,0,0,0
0,0,0,0,0,0,0
2,2,2,2,0,2,2
0,0,0,0,0,0,0
15,15,15,15,0,0,15
0,0,0,0,0,0,0
10,10,10,0,0,10,10
0,0,0,0,0,0,0
0,0,0,0,0,0,0
0,0,0,0,0,0,0
27,27,27,27,0,0,27
0,0,0,0,0,0,0
0,0,14,14,0,5,0
0,0,0,0,0,0,0
0,0,0,0,0,0,0
0,14,4,0,0,0,0
50,50,0,49,0,0,50
24,24,24,24,0,0,24
2,0,14,0,0,0,0
3,3,3,3,0,3,3
0,0,0,0,0,0,0
5,5,5,5,0,5,5
14,0,0,0,0,0,14
0,0,0,0,0,0,0
0,0,0,0,0,22,0
0,0,12,0,0,0,0
16,0,0,0,0,14,16
42,0,0,0,0,3,42
7,8,0,7,0,0,0
0,0,0,0,0,0,0
0,0,0,5,0,0,0
0,0,0,0,0,0,0
0,0,0,0,0,5,0
0,0,0,0,0,0,0
0,0,0,0,0,0,0
0,0,0,0,0,0,0
0,0,0,0,0,0,0
27,27,27,27,0,0,27
0,0,0,0,0,0,0
0,0,0,0,0,0,0
0,0,4,0,0,0,0
0,48,27,0,0,0,27
0,0,5,0,0,0,0
0,0,0,0,0,0,0
0,0,0,0,0,0,0
0,0,0,0,0,0,0
0,0,0,0,0,0,0
0,0,0,0,0,0,0
0,0,0,0,0,0,0
0,0,0,0,0,22,0
0,0,0,0,0,0,0
0,0,0,0,0,0,0
0,0,0,0,0,0,0
0,0,0,0,0,0,0
0,0,0,0,0,0,0
0,0,0,0,0,0,0
0,0,0,0,0,0,0
46,46,46,46,0,46,46
0,0,0,0,0,0,0
0,0,0,0,0,18,0
0,0,0,0,0,0,0
0,0,0,0,0,0,0
0,0,0,0,0,0,0
0,26,0,0,0,0,0
0,0,0,0,0,29,0
15,15,15,15,0,15,15
0,0,0,0,0,0,0
15,15,15,15,0,15,15
15,15,15,15,0,15,15
0,0,0,0,0,10,0
0,0,0,0,0,10,0
0,0,0,0,0,0,0
0,0,0,0,0,0,0
0,0,0,0,0,0,0
0,0,24,0,0,0,0
0,0,0,0,0,0,0
50,50,49,49,0,0,50
0,0,0,13,0,0,0
28,28,28,28,0,0,28
0,0,0,0,0,0,0
6,6,6,6,0,6,6
0,0,14,0,0,0,0
42,0,42,0,0,0,42
0,0,14,0,0,0,0
0,0,0,0,0,0,0
0,0,0,0,0,0,0
0,0,0,0,0,0,0
0,0,0,0,0,0,0
34,34,34,34,0,0,34
0,0,0,0,0,0,0
0,0,0,0,0,0,0
0,0,0,0,0,0,0
0,0,36,43,0,0,0
0,0,0,0,0,0,0
0,0,0,0,0,0,0
0,0,0,0,0,0,0
0,0,0,0,0,0,0
0,0,0,0,0,0,0
34,34,0,0,0,0,4
0,0,0,0,0,0,0
24,24,24,24,0,0,24
0,0,0,0,0,0,0
1,1,1,1,0,1,1
0,0,0,0,0,0,0
37,37,37,37,0,38,38
0,0,0,0,0,25,0
0,0,14,0,0,0,0
0,0,4,4,0,0,0
34,34,34,34,0,0,34
6,6,6,6,0,6,6
16,16,16,16,0,5,16
0,0,0,0,0,0,0
28,28,28,28,0,0,0
16,16,16,16,0,0,16
0,0,0,0,0,0,0
0,0,14,0,0,0,0
0,0,0,0,0,0,0
0,0,0,0,0,0,0
0,0,14,0,0,0,0
4,4,14,4,0,0,0
0,0,0,0,0,0,0
0,0,0,0,0,0,0
0,0,0,0,0,0,0
0,0,0,0,0,0,0
0,0,0,0,0,0,0
18,0,0,0,0,18,0
11,11,11,11,0,11,11
13,0,13,3,0,0,0
0,0,0,0,0,0,0
0,0,0,0,0,0,0
0,0,0,0,0,0,0
0,0,0,0,0,0,0
0,0,0,0,0,0,0
0,0,0,0,0,0,0
0,0,0,0,0,0,0
0,0,0,0,0,10,0
0,0,0,0,0,41,0
35,34,35,35,0,0,0
0,0,0,0,0,38,0
18,18,18,18,0,18,18
0,0,0,0,0,0,0
0,0,0,0,0,0,0
0,0,0,0,0,0,0
16,16,16,16,0,0,16
0,0,0,0,0,0,0
33,0,0,0,0,0,0
12,0,0,0,0,0,0
0,0,0,0,0,0,0
0,0,0,0,0,40,0
0,0,0,0,0,0,0
0,0,14,0,0,0,0
0,0,0,0,0,0,0
1,1,1,0,0,1,1
0,0,0,0,0,0,0
0,0,0,0,0,0,0
4,0,0,4,0,0,0
0,0,0,0,0,0,0
9,9,9,9,0,9,9
0,0,0,0,0,0,0
0,0,0,0,0,0,0
4,0,0,0,0,0,4
6,6,6,6,0,6,6
0,0,0,0,0,0,0
0,0,0,0,0,0,0
0,0,0,0,0,0,0
0,0,0,0,0,0,0
0,0,14,0,0,0,0
0,0,0,0,0,0,0
0,0,0,0,0,0,0
0,0,0,0,0,0,0
32,31,31,32,0,0,31
28,28,28,28,0,28,28
0,0,0,0,0,0,0
0,0,0,0,0,0,0
9,9,9,9,0,9,9
29,29,29,29,0,30,29
21,21,0,22,0,22,22
13,0,0,13,0,0,0
0,0,0,0,0,0,0
0,0,0,0,0,0,0
0,0,0,0,0,19,0
42,44,42,44,0,0,42
0,0,0,0,0,0,0
0,0,0,0,0,0,0
8,0,8,0,0,0,0
18,18,18,18,0,0,18
0,0,0,0,0,0,0
0,0,0,0,0,0,0
2,2,2,2,0,0,2
13,47,0,47,0,0,47
46,46,46,46,0,46,46
2,2,2,2,0,0,0
0,0,0,0,0,0,0
0,0,0,0,0,0,0
18,18,18,18,0,18,18
0,0,0,0,0,0,0
0,0,0,0,0,0,0
0,0,0,0,0,0,0
0,0,0,41,0,0,0
0,0,0,0,0,0,0
26,0,0,0,0,0,0
0,4,4,0,0,0,4
0,0,0,0,0,0,0
0,0,0,0,0,0,0
0,0,0,0,0,0,0
0,0,0,0,0,0,0
0,0,0,0,0,0,0
0,0,18,18,0,0,18
0,0,0,0,0,0,0
0,0,34,0,0,0,0
32,0,0,20,0,47,0
4,4,0,4,0,0,4
0,0,0,0,0,0,0
0,0,0,0,0,0,0
22,22,22,21,0,21,21
0,0,0,0,0,0,0
0,0,0,0,0,0,0
0,0,0,0,0,0,0
0,0,0,0,0,14,0
0,0,0,0,0,0,0
0,0,0,0,0,0,0
0,0,0,0,0,0,0
0,0,0,0,0,0,0
0,0,0,0,0,0,0
32,31,31,32,0,47,31
9,9,9,9,0,0,9
0,0,0,0,0,0,0
8,7,8,8,0,0,8
0,0,0,0,0,0,0
45,45,45,45,0,45,45
0,0,0,13,0,0,0
0,0,14,0,0,0,0
0,0,0,0,0,0,0
0,0,24,0,0,0,0
0,0,0,0,0,0,0
0,0,0,0,0,0,0
0,0,0,0,0,0,0
0,20,14,0,0,0,0
0,0,0,0,0,0,0
0,0,0,0,0,0,0
0,0,0,0,0,0,0
12,0,0,0,0,0,0
0,0,25,0,0,0,0
0,0,44,0,0,0,16
4,0,0,4,0,0,0
36,0,36,36,0,0,36
0,0,0,39,0,0,0
0,0,0,0,0,0,0
0,0,0,0,0,0,0
44,43,43,4,0,0,44
0,0,0,0,0,0,0
37,37,37,37,0,38,38
0,0,0,0,0,0,0
47,47,47,47,0,47,47
47,47,47,47,0,47,47
39,39,39,39,0,39,39
0,0,0,0,0,0,0
0,0,0,0,0,0,0
0,0,0,17,0,0,0
0,0,0,0,0,0,0
17,17,17,17,0,0,17
0,0,0,0,0,0,0
0,0,0,0,0,0,0
0,0,0,0,0,0,0
0,0,0,0,0,0,0
5,5,5,5,0,5,5
0,0,0,0,0,0,0
0,0,14,0,0,0,0
0,0,0,0,0,0,0
49,49,50,50,0,50,49
1,1,1,1,0,1,1
40,40,14,0,0,0,40
0,0,0,0,0,0,0
14,0,14,14,0,0,0
0,0,14,0,0,0,0
0,0,0,0,0,0,0
0,0,0,0,0,0,0
0,0,0,0,0,0,0
0,0,0,0,0,0,0
0,0,0,0,0,19,0
19,35,0,0,0,0,0
29,29,29,29,0,30,29
0,0,0,0,0,0,0
0,0,14,0,0,0,0
0,0,0,0,0,0,0
17,0,14,17,0,17,0
0,0,0,0,0,0,0
32,31,31,32,0,0,31
8,7,8,0,0,0,8
1,1,1,1,0,1,1
0,0,0,12,0,0,0
1,1,1,1,0,1,1
0,0,0,0,0,0,0
0,0,14,0,0,0,0
0,0,0,0,0,0,0
1,1,1,1,0,1,1
0,0,0,0,0,0,0
4,0,14,0,0,0,4
0,0,0,0,0,0,0
0,0,0,0,0,0,0
20,20,20,20,0,0,20
4,0,0,0,0,0,0
0,0,0,0,0,0,0
0,0,0,0,0,0,0
0,0,0,0,0,0,0
0,0,0,0,0,0,0
0,0,0,0,0,0,0
0,0,0,0,0,0,0
4,0,0,0,0,6,4
0,0,0,0,0,0,0
43,0,38,42,0,0,43
0,0,0,0,0,0,0
0,0,0,0,0,0,0
0,0,0,0,0,0,0
0,0,0,0,0,0,0
0,0,0,0,0,0,0
0,0,0,0,0,0,0
18,0,18,18,0,18,18
0,0,0,0,0,0,0
0,0,2,0,0,0,0
0,0,0,0,0,0,0
0,0,0,0,0,0,0
0,0,0,18,0,0,0
0,0,0,0,0,0,0
15,15,15,15,0,15,15
2,2,2,2,0,2,2
0,0,0,0,0,0,0
10,10,10,10,0,10,10
10,10,2,10,0,10,0
0,0,0,0,0,0,0
22,22,22,21,0,0,21
0,0,0,0,0,47,0
0,0,47,0,0,0,0
0,0,28,0,0,0,0
14,0,14,0,0,0,0
0,0,0,0,0,0,0
21,21,21,22,0,22,22
0,0,26,0,0,0,0
7,42,0,45,0,0,0
0,0,0,0,0,0,0
0,0,0,0,0,0,0
0,0,0,0,0,0,0
0,0,0,0,0,0,0
1,0,14,0,0,0,1
47,47,47,47,0,47,47
4,0,4,4,0,0,0
0,0,0,0,0,0,0
23,23,23,23,0,0,23
0,0,0,0,0,0,0
9,9,9,9,0,9,9
0,0,0,0,0,0,0
3,3,3,3,0,3,3
1,1,1,1,0,0,1
0,0,0,5,0,0,0
20,20,20,20,0,0,20
0,0,0,0,0,0,0
0,0,0,0,0,0,0
0,0,14,0,0,0,0
0,0,0,0,0,0,0
2,0,0,2,0,0,2
16,16,16,0,0,0,16
0,0,0,0,0,0,0
0,0,0,0,0,0,0
0,0,0,0,0,0,0
0,0,0,0,0,0,0
0,0,0,0,0,0,0
0,0,0,0,0,0,0
0,0,0,5,0,0,0
0,0,0,0,0,0,0
0,0,0,46,0,0,0
0,0,0,0,0,0,0
0,0,0,0,0,0,0
23,23,0,23,0,0,23
0,0,0,0,0,0,0
0,0,0,0,0,0,0
0,0,0,0,0,0,0
0,47,0,0,0,47,0
0,0,0,0,0,0,0
0,0,0,0,0,0,0
0,0,0,0,0,0,0
0,0,0,0,0,0,0
0,0,0,0,0,0,0
0,0,0,0,0,0,0
0,0,0,0,0,0,0
0,0,0,0,0,0,0
11,11,11,11,0,0,11
0,0,0,0,0,0,0
0,0,0,0,0,0,0
0,0,0,0,0,0,0
0,0,0,0,0,0,0
0,0,0,0,0,0,0
0,0,0,0,0,0,0
41,41,41,41,0,41,41
0,0,0,0,0,0,0
25,25,25,25,0,25,25
0,0,0,0,0,0,0
0,0,0,0,0,0,0
0,0,0,0,0,0,0
0,0,0,0,0,0,0
1,1,1,1,0,1,1
0,0,0,0,0,0,0
0,0,0,0,0,0,0
0,0,0,0,0,0,0
13,0,0,0,0,0,0
0,0,0,0,0,0,0
7,0,0,7,0,0,0
0,0,0,0,0,0,0
0,0,0,0,0,0,0
0,38,38,0,0,5,0
7,8,7,7,0,8,0
0,0,0,0,0,0,0
0,0,0,0,0,0,0
21,21,21,22,0,22,22
0,0,0,0,0,0,0
1,1,1,1,0,1,1
0,0,0,0,0,0,0
0,0,0,0,0,0,0
14,4,0,0,0,0,0
0,0,0,0,0,0,0
0,0,0,0,0,0,0
22,22,22,21,0,21,21
48,48,48,48,0,0,48
13,13,13,13,0,37,13
0,0,0,0,0,0,0
20,0,20,20,0,0,20
21,21,0,0,0,0,22
0,0,14,0,0,0,0
0,0,0,0,0,0,0
24,24,24,24,0,0,24
0,0,14,0,0,0,0
0,0,0,0,0,0,0
6,6,6,6,0,6,6
0,0,0,0,0,48,0
1,1,1,1,0,0,1
27,0,0,27,0,0,0
0,0,0,22,0,0,0
0,0,0,0,0,0,0
0,0,0,0,0,0,0
28,28,28,28,0,28,28
0,0,0,0,0,42,0
25,25,25,25,0,25,25
0,0,0,0,0,0,0
0,0,0,0,0,0,0
0,0,0,0,0,0,0
0,0,0,0,0,0,0
47,47,47,47,0,0,47
3,3,3,3,0,3,3
0,0,0,0,0,39,0
0,0,0,0,0,0,0
8,0,8,8,0,7,8
0,0,0,0,0,0,0
18,18,18,18,0,18,18
0,0,0,0,0,0,0
0,0,0,0,0,0,0
0,0,0,0,0,0,0
0,0,0,0,0,0,0
26,26,0,26,0,0,26
0,0,0,0,0,0,0
5,5,5,5,0,5,5
0,0,0,49,0,0,0
0,0,0,0,0,0,0
0,0,0,0,0,0,0
7,0,36,7,0,0,0
0,0,0,2,0,0,0
7,0,7,7,0,8,0
0,0,0,0,0,0,0
0,0,0,0,0,0,0
0,0,0,0,0,0,0
0,0,0,0,0,0,0
0,0,0,0,0,0,0
0,0,0,0,0,0,0
0,0,0,0,0,0,0
0,0,0,7,0,0,0
20,20,20,0,0,0,20
36,0,0,0,0,0,36
0,0,0,0,0,0,0
3,3,3,3,0,3,3
28,28,28,28,0,28,28
0,0,0,0,0,0,0
0,0,31,0,0,0,0
22,22,22,21,0,21,21
0,0,0,0,0,0,0
22,22,14,21,0,0,21
24,0,0,0,0,0,0
0,0,0,0,0,0,0
17,17,17,17,0,17,17
0,0,0,0,0,0,0
0,0,0,0,0,0,0
7,8,0,7,0,37,7
29,29,29,29,0,0,29
0,0,0,0,0,0,0
0,0,0,0,0,0,0
0,0,14,0,0,0,0
7,8,0,7,0,0,7
44,43,43,43,0,0,44
0,0,14,0,0,0,0
0,0,0,0,0,0,0
19,0,0,0,0,0,0
7,0,0,36,0,37,7
0,0,0,0,0,6,0
38,38,38,38,0,37,37
0,0,0,0,0,0,0
7,8,0,7,0,3,7
9,0,14,4,0,0,9
23,23,23,23,0,0,23
0,0,0,0,0,0,0
0,0,0,0,0,0,0
0,0,0,0,0,0,0
0,0,0,0,0,0,0
0,0,0,0,0,0,0
0,0,0,0,0,0,0
0,0,0,0,0,0,0
0,0,0,0,0,0,0
0,0,0,0,0,10,0
0,0,0,0,0,0,0
0,0,0,0,0,10,0
0,0,0,0,0,0,0
26,26,26,41,0,0,0
10,10,10,10,0,10,10
0,0,0,0,0,0,0
0,0,0,0,0,0,0
0,0,0,0,0,0,0
0,0,0,0,0,0,0
0,0,14,0,0,0,0
0,24,24,24,0,0,24
21,21,21,22,0,0,22
0,0,14,14,0,14,0
24,24,24,24,0,0,24
33,33,0,33,0,0,14
0,14,14,0,0,0,0
27,27,27,27,0,0,27
0,0,0,0,0,0,0
0,19,0,19,0,0,0
0,0,0,0,0,0,0
37,37,37,37,0,38,38
0,0,18,0,0,0,0
6,6,6,6,0,6,6
28,0,28,28,0,0,28
0,0,0,0,0,5,0
4,4,4,1,0,0,1
7,8,31,7,0,37,7
1,1,1,1,0,1,1
0,0,14,0,0,0,0
20,20,20,20,0,0,20
31,0,0,6,0,0,0
0,0,14,0,0,0,0
0,0,43,0,0,0,31
0,0,0,19,0,0,0
0,0,0,1,0,0,0
0,0,0,0,0,27,0
0,0,0,0,0,0,0
16,16,16,0,0,0,16
0,0,0,0,0,0,0
0,0,0,0,0,0,0
0,0,0,0,0,0,0
0,0,14,0,0,0,0
0,0,0,0,0,0,0
0,0,14,0,0,0,0
0,0,0,0,0,0,21
0,0,0,0,0,0,0
0,0,0,0,0,0,0
44,43,43,43,0,0,44
14,0,14,14,0,0,14
0,0,0,0,0,0,0
0,0,0,0,0,0,0
0,0,11,11,0,13,0
0,0,0,0,0,0,0
46,46,46,46,0,46,46
18,18,18,18,0,18,18
0,0,0,0,0,0,0
0,0,0,0,0,0,0
0,0,0,0,0,0,0
0,0,0,0,0,0,0
0,0,0,0,0,0,0
0,0,0,0,0,0,0
2,2,2,2,0,2,2
0,0,0,0,0,0,0
0,0,0,0,0,0,0
0,0,0,0,0,0,0
0,41,0,0,0,0,0
0,0,0,0,0,0,0
10,10,10,10,0,10,10
0,0,0,0,0,0,0
30,30,30,30,0,29,0
0,0,0,0,0,29,0
0,0,0,0,0,0,0
0,0,0,0,0,0,0
0,0,0,0,0,0,0
0,0,0,0,0,0,0
27,0,27,27,0,0,27
0,0,0,0,0,0,0
0,0,0,0,0,0,0
0,0,0,42,0,36,0
0,0,0,0,0,0,0
39,0,39,39,0,0,0
0,0,0,44,0,0,0
22,0,0,0,0,0,0
0,0,0,0,0,0,0
0,34,0,0,0,0,34
0,0,0,5,0,0,0
19,0,19,19,0,0,0
0,0,0,11,0,0,0
0,0,0,0,0,0,0
0,0,0,0,0,0,0
0,0,0,0,0,0,0
7,0,0,7,0,0,7
0,0,4,0,0,0,0
0,0,0,0,0,0,0
0,0,41,0,0,0,0
7,0,7,7,0,8,0
1,1,1,1,0,1,1
0,0,0,0,0,0,0
43,0,0,42,0,44,43
25,25,25,0,0,0,25
7,8,7,7,0,8,7
23,23,23,23,0,47,23
34,34,34,0,0,0,34
0,0,14,0,0,0,0
0,0,0,0,0,0,0
0,0,0,0,0,0,0
38,38,38,38,0,37,37
7,8,0,7,0,0,7
24,0,0,0,0,0,0
0,0,0,45,0,0,0
1,1,1,1,0,1,1
0,35,35,0,0,0,0
0,0,0,0,0,0,0
0,0,0,0,0,0,0
0,0,0,0,0,0,0
0,0,0,0,0,0,0
0,0,0,0,0,0,0
2,2,2,2,0,2,2
0,0,0,0,0,0,0
8,7,8,8,0,0,8
18,18,18,18,0,18,18
0,0,0,0,0,0,0
0,0,0,0,0,0,0
0,0,0,0,0,0,0
0,0,0,0,0,0,0
0,2,0,0,0,2,0
30,30,0,30,0,0,30
10,10,10,0,0,10,10
0,0,0,10,0,29,0
41,0,0,0,0,0,0
0,0,0,0,0,0,0
10,10,10,10,0,10,10
0,0,0,0,0,0,30
41,41,41,41,0,41,41
0,0,0,0,0,29,0
1,1,1,1,0,0,1
6,6,6,6,0,0,6
0,0,0,0,0,0,0
0,0,0,0,0,0,0
0,34,14,0,0,0,34
36,0,0,42,0,47,0
0,0,0,0,0,0,0
0,0,0,0,0,0,0
0,0,0,0,0,0,0
0,0,0,0,0,0,0
0,0,0,0,0,0,0
0,0,14,0,0,0,9
0,0,0,0,0,0,0
0,0,0,0,0,0,0
0,0,0,0,0,0,0
21,21,21,22,0,3,22
0,0,0,28,0,0,0
0,0,0,0,0,0,0
0,0,0,0,0,0,0
17,17,17,17,0,17,17
6,6,6,6,0,6,6
31,32,32,31,0,0,32
45,0,0,0,0,0,0
36,0,0,42,0,0,0
0,0,0,0,0,0,0
0,0,0,0,0,6,9
0,0,0,48,0,0,0
0,0,0,0,0,0,0
0,0,0,0,0,0,0
0,0,0,0,0,0,0
0,0,0,0,0,0,0
27,27,27,27,0,27,27
0,16,45,0,0,0,0
0,0,0,7,0,0,0
0,0,0,0,0,0,0
22,0,0,0,0,0,0
0,0,0,0,0,0,0
0,0,0,0,0,0,0
34,40,34,0,0,0,0
0,0,0,42,0,47,0
0,0,0,0,0,0,0
32,31,31,32,0,0,31
0,0,0,0,0,0,0
0,0,0,0,0,0,0
0,0,0,0,0,0,0
8,7,8,8,0,7,8
0,0,0,0,0,0,0
2,2,2,0,0,0,2
3,3,3,3,0,3,3
0,0,0,0,0,0,0
0,0,0,0,0,0,0
2,0,2,0,0,2,0
0,0,0,0,0,0,0
12,12,12,12,0,12,12
0,0,0,0,0,2,0
0,0,0,0,0,0,0
2,2,2,2,0,0,2
15,15,15,15,0,15,15
10,10,10,10,0,10,0
0,0,0,0,0,10,0
0,0,0,0,0,0,0
0,0,0,0,0,0,0
0,0,0,0,0,0,0
26,0,0,41,0,0,0
4,34,14,0,0,0,0
0,0,0,0,0,0,0
29,29,29,29,0,0,29
0,0,0,0,0,0,0
0,0,19,0,0,0,0
13,0,13,42,0,0,13
0,0,0,0,0,0,0
0,0,0,0,0,0,0
0,0,0,0,0,0,0
0,0,0,0,0,0,0
0,0,0,0,0,0,0
16,16,16,14,0,0,16
0,0,0,0,0,0,0
0,0,0,13,0,0,0
13,0,0,13,0,0,0
0,0,0,0,0,0,0
1,1,1,1,0,1,1
0,0,16,7,0,37,0
12,12,12,12,0,0,12
0,0,0,0,0,0,0
43,0,44,42,0,42,43
0,0,0,0,0,0,0
0,0,5,0,0,0,0
38,38,38,38,0,37,37
0,0,0,0,0,0,0
0,0,0,0,0,0,0
20,20,35,20,0,0,20
0,0,0,0,0,0,0
0,0,0,0,0,0,0
0,27,6,0,0,0,0
0,0,0,0,0,0,0
0,0,0,0,0,0,0
0,0,0,0,0,0,0
11,11,11,11,0,11,11
29,29,29,29,0,30,29
0,0,0,0,0,47,0
0,0,0,0,0,0,0
0,0,0,0,0,0,0
5,5,5,5,0,5,5
28,28,28,28,0,28,28
25,25,25,25,0,25,25
50,0,49,19,0,0,0
0,40,0,0,0,0,0
0,0,0,0,0,0,0
0,0,0,0,0,0,0
42,0,0,0,0,0,0
0,0,0,0,0,0,0
0,0,0,0,0,0,0
0,0,0,0,0,0,0
3,0,0,0,0,3,0
0,0,0,0,0,0,0
0,0,0,0,0,12,0
0,0,0,0,0,0,0
0,0,0,0,0,0,0
0,0,0,0,0,0,0
2,2,2,2,0,0,2
2,2,2,2,0,2,2
0,0,0,0,0,0,0
15,15,15,15,0,15,15
41,0,0,0,0,0,0
15,15,15,15,0,15,15
0,0,0,0,0,0,0
10,10,10,10,0,10,10
0,0,0,0,0,29,0
0,0,0,0,0,0,0
0,0,0,0,0,0,0
0,0,0,0,0,0,0
0,0,0,0,0,44,0
1,1,1,1,0,1,1
0,0,0,0,0,0,0
25,25,25,25,0,25,25
22,22,14,21,0,21,21
25,25,25,0,0,0,0
0,8,0,43,0,0,0
0,0,0,0,0,0,0
17,0,17,17,0,0,17
36,36,36,36,0,0,0
0,0,0,0,0,39,0
8,7,0,8,0,7,0
0,0,0,0,0,0,0
0,40,40,0,0,0,0
0,0,0,0,0,0,0
9,9,9,9,0,9,9
0,0,0,0,0,0,0
16,16,0,0,0,0,16
17,17,17,17,0,17,17
0,0,0,0,0,0,0
0,0,0,45,0,37,0
20,20,20,20,0,20,20
0,0,0,0,0,0,0
0,0,0,0,0,0,0
0,0,35,0,0,0,0
0,0,0,0,0,0,0
0,0,0,0,0,0,0
0,0,0,0,0,0,0
0,0,0,0,0,0,0
0,0,0,0,0,0,0
0,0,0,0,0,0,0
0,0,0,0,0,0,0
0,0,0,0,0,0,0
19,0,0,0,0,0,0
0,0,0,0,0,0,0
0,0,0,0,0,0,0
0,0,0,0,0,0,0
14,14,14,14,0,0,0
0,0,0,0,0,0,0
0,0,0,0,0,0,0
0,0,0,46,0,39,0
0,0,0,0,0,0,0
0,0,23,0,0,0,0
37,37,0,37,0,13,0
0,0,0,0,0,2,0
18,18,18,18,0,0,18
2,2,2,2,0,0,2
0,0,0,0,0,0,0
0,0,11,0,0,18,0
17,17,17,17,0,0,17
42,0,0,44,0,0,0
18,18,18,18,0,18,18
0,0,0,0,0,0,0
0,0,0,0,0,0,0
0,0,0,0,0,0,0
0,0,0,0,0,0,0
0,0,0,10,0,10,0
0,0,0,0,0,0,0
0,0,0,0,0,0,0
0,0,0,0,0,0,0
0,0,0,0,0,0,0
0,0,0,0,0,0,0
0,0,14,0,0,0,0
49,49,50,50,0,50,49
0,40,14,40,0,0,0
0,0,0,0,0,0,0
0,0,0,0,0,0,0
14,25,14,14,0,0,0
1,1,1,1,0,1,1
0,0,0,0,0,0,0
0,0,0,45,0,0,0
0,0,0,0,0,0,0
0,0,16,35,0,0,0
21,21,21,22,0,0,22
0,0,0,0,0,0,0
36,38,0,38,0,0,0
34,0,14,0,0,6,34
0,0,0,0,0,0,0
0,0,0,0,0,0,0
0,0,0,0,0,0,0
0,0,0,0,0,0,0
27,27,27,27,0,6,27
0,0,0,0,0,0,0
1,1,1,1,0,1,1
0,0,0,36,0,13,0
0,0,0,6,0,0,0
49,49,50,50,0,50,49
0,19,0,0,0,0,0
0,0,0,0,0,0,0
0,0,0,29,0,0,0
0,0,0,0,0,0,0
1,1,1,1,0,1,1
0,0,0,0,0,0,0
0,0,0,0,0,0,0
0,0,0,0,0,0,0
43,0,44,42,0,0,43
0,0,0,0,0,0,0
0,0,0,0,0,0,0
0,0,0,0,0,0,0
9,9,8,0,0,0,0
0,0,14,0,0,0,0
0,0,28,0,0,0,0
1,1,1,1,0,1,1
25,25,25,25,0,0,25
0,0,0,0,0,0,0
0,0,14,0,0,0,0
4,4,4,0,0,0,4
1,1,1,1,0,1,1
0,0,0,0,0,0,0
3,3,3,3,0,3,3
11,11,11,11,0,11,11
46,0,46,46,0,46,46
13,13,13,13,0,13,13
0,0,0,0,0,0,0
0,0,0,0,0,0,0
11,11,11,11,0,11,11
0,0,0,0,0,0,0
12,12,12,12,0,12,12
0,0,0,0,0,0,0
0,0,0,0,0,0,0
0,41,0,0,0,0,0
0,0,0,0,0,0,0
0,0,0,0,0,0,0
30,30,30,30,0,29,30
0,0,0,0,0,0,0
0,0,0,0,0,0,0
0,0,0,0,0,0,0
0,0,0,0,0,0,0
0,0,0,0,0,0,0
27,27,6,6,0,0,27
0,0,14,0,0,0,0
0,0,8,0,0,0,9
43,0,0,0,0,0,43
8,7,8,8,0,7,8
0,0,0,0,0,0,0
0,0,0,0,0,0,0
0,0,0,0,0,0,0
0,0,0,0,0,0,0
0,0,0,0,0,0,0
0,0,0,7,0,0,0
0,0,0,0,0,0,0
0,0,0,0,0,0,0
0,0,4,0,0,0,0
0,0,0,0,0,0,0
7,8,45,7,0,37,0
9,9,9,9,0,9,9
0,0,5,0,0,0,0
0,0,0,0,0,0,0
0,0,0,0,0,0,0
0,0,14,0,0,0,0
16,16,16,16,0,0,16
0,0,0,0,0,0,0
16,0,16,0,0,0,16
0,0,0,13,0,0,0
7,0,7,7,0,36,7
0,0,0,0,0,48,19
0,0,0,0,0,0,0
45,45,0,45,0,0,45
0,0,0,0,0,0,0
1,1,1,1,0,1,1
0,0,0,0,0,0,0
14,0,14,14,0,0,0
6,6,0,6,0,6,6
0,0,0,0,0,0,0
0,0,0,0,0,0,0
0,0,14,0,0,0,0
0,0,0,0,0,5,0
0,0,0,0,0,0,0
0,0,0,0,0,0,0
0,0,14,9,0,0,0
0,0,0,0,0,0,0
0,0,0,0,0,0,0
3,3,3,3,0,0,3
0,0,0,0,0,0,0
0,0,0,0,0,0,0
0,0,0,0,0,0,0
0,0,0,11,0,0,0
0,0,0,0,0,0,0
0,0,0,0,0,0,0
0,0,0,0,0,0,0
46,0,0,46,0,0,0
0,0,0,0,0,0,0
0,0,0,0,0,2,0
0,10,10,0,0,0,0
0,0,0,0,0,10,0
0,0,0,0,0,0,0
0,0,0,0,0,0,0
0,0,0,0,0,0,0
0,0,0,0,0,0,0
0,0,0,0,0,0,0
0,0,0,0,0,37,0
14,14,4,14,0,25,0
40,0,14,40,0,0,0
0,0,0,0,0,0,0
9,0,16,16,0,0,0
0,0,0,0,0,0,0
0,0,0,0,0,0,0
6,6,6,6,0,6,6
0,0,0,0,0,0,0
0,0,0,0,0,0,0
36,0,0,36,0,37,0
0,0,0,0,0,0,0
0,0,0,0,0,0,0
0,0,0,0,0,0,0
0,0,0,0,0,0,0
0,0,0,0,0,42,0
0,0,0,0,0,0,0
0,0,0,0,0,0,0
0,0,0,0,0,0,0
0,0,0,0,0,0,0
0,0,0,0,0,0,34
11,11,0,0,0,0,11
0,0,0,0,0,0,0
0,0,0,0,0,0,0
0,0,0,0,0,0,27
0,0,14,0,0,31,0
23,23,23,0,0,0,23
34,34,34,34,0,5,34
0,0,0,17,0,37,0
0,0,0,0,0,0,0
0,0,0,0,0,0,0
0,0,14,0,0,0,0
3,3,13,3,0,3,3
0,0,0,0,0,0,0
8,7,8,8,0,6,8
5,5,5,5,0,5,0
0,0,0,0,0,0,0
0,0,0,0,0,0,0
35,35,35,0,0,0,0
0,0,0,0,0,0,0
4,4,4,4,0,0,4
0,0,0,0,0,0,9
0,0,0,0,0,0,0
0,14,0,0,0,0,0
5,5,5,5,0,5,5
0,0,0,0,0,0,0
0,0,0,0,0,0,0
0,0,0,0,0,0,0
0,0,0,0,0,2,0
0,0,0,0,0,0,0
0,0,0,0,0,0,0
2,2,2,2,0,2,2
12,12,12,12,0,12,12
0,0,0,0,0,0,0
0,0,0,0,0,0,0
0,0,0,0,0,0,0
0,0,0,0,0,0,0
15,15,15,15,0,15,15
0,0,0,0,0,0,0
0,0,0,0,0,0,0
15,15,15,15,0,15,15
0,0,0,0,0,0,0
0,0,0,0,0,0,0
0,0,0,0,0,0,0
0,0,0,0,0,0,0
16,16,16,16,0,4,16
0,0,0,0,0,0,0
6,6,6,6,0,6,6
0,0,14,0,0,0,0
0,0,0,0,0,0,0
24,24,24,24,0,0,0
0,0,0,0,0,0,0
20,20,14,0,0,0,20
0,0,0,0,0,0,0
0,0,0,0,0,0,0
0,0,0,0,0,0,0
0,0,0,0,0,0,0
0,0,0,0,0,0,0
0,0,0,0,0,0,0
49,49,50,50,0,50,49
23,23,23,23,0,0,23
2,0,0,4,0,0,0
21,21,21,22,0,22,22
0,0,16,0,0,25,0
0,0,14,0,0,1,0
12,0,0,0,0,0,0
0,0,0,0,0,0,0
1,1,1,1,0,1,1
0,0,14,0,0,0,0
0,0,5,0,0,0,0
0,0,0,0,0,13,0
22,22,22,21,0,21,21
0,0,0,0,0,0,0
0,0,0,0,0,0,0
0,0,14,0,0,0,0
0,0,0,0,0,0,0
1,1,1,1,0,37,1
40,0,0,0,0,0,0
0,0,0,0,0,5,0
0,34,0,0,0,5,0
0,0,0,0,0,0,0
0,0,0,0,0,3,0
0,0,0,0,0,22,0
0,0,0,0,0,0,0
0,0,19,0,0,0,0
0,0,0,0,0,0,0
0,0,0,0,0,0,0
24,0,0,0,0,0,0
0,0,0,0,0,0,0
0,0,0,0,0,0,0
2,2,2,2,0,0,2
0,0,0,0,0,0,0
8,7,8,8,0,0,8
0,0,0,0,0,0,0
0,0,0,0,0,0,0
0,0,0,0,0,0,0
8,7,8,8,0,7,8
0,0,0,0,0,29,0
2,2,2,2,0,2,2
12,12,12,12,0,12,0
2,2,2,2,0,2,2
15,15,15,15,0,15,15
0,0,0,0,0,0,0
10,10,10,10,0,10,10
0,0,0,0,0,0,30
0,0,0,0,0,0,0
0,0,0,0,0,0,0
0,0,0,0,0,0,0
0,0,0,0,0,0,0
0,0,0,0,0,0,0
6,0,0,0,0,6,0
0,0,42,0,0,0,0
0,0,0,0,0,0,0
0,0,0,0,0,0,0
1,1,1,1,0,1,1
0,0,0,0,0,20,0
0,0,0,0,0,0,0
0,0,0,0,0,0,0
28,28,14,28,0,0,28
4,4,4,4,0,0,4
0,0,0,0,0,0,0
0,0,0,0,0,0,0
9,9,9,9,0,9,9
0,0,0,0,0,0,0
46,46,46,46,0,46,46
40,40,0,0,0,0,0
0,0,0,0,0,0,0
18,0,18,18,0,0,18
4,4,4,4,0,0,4
0,0,0,0,0,0,0
0,0,0,0,0,0,0
22,22,22,21,0,21,21
14,14,14,14,0,0,0
12,12,12,12,0,0,12
24,24,24,24,0,0,24
0,0,0,0,0,0,0
0,0,0,23,0,0,0
0,0,0,0,0,0,0
33,33,33,0,0,0,0
0,0,0,0,0,0,4
36,0,0,0,0,0,36
0,0,0,0,0,0,0
12,0,0,0,0,5,0
20,20,20,20,0,0,20
0,0,14,0,0,0,0
0,0,0,0,0,0,0
0,0,0,0,0,0,0
0,0,0,0,0,0,0
48,48,48,48,0,0,48
0,0,0,0,0,3,0
0,0,0,0,0,0,0
0,0,0,0,0,0,0
0,0,0,0,0,0,0
0,12,0,12,0,0,0
46,46,46,46,0,46,46
18,18,18,18,0,0,18
0,0,0,0,0,0,0
0,0,0,0,0,0,0
0,0,0,0,0,0,0
0,0,0,0,0,0,0
0,0,0,0,0,0,0
0,0,0,0,0,0,0
0,10,0,0,0,0,0
10,10,10,0,0,10,0
0,0,0,0,0,41,0
0,0,0,0,0,0,0
0,0,0,0,0,10,0
0,0,0,0,0,0,0
0,0,0,0,0,0,0
0,0,0,10,0,10,0
0,26,26,26,0,0,0
17,17,17,17,0,17,17
0,0,0,0,0,0,0
0,0,0,0,0,0,0
0,0,14,0,0,0,0
0,0,0,0,0,47,0
0,0,0,0,0,0,0
40,0,0,0,0,0,0
0,0,0,0,0,0,0
0,0,0,0,0,0,0
0,0,0,0,0,0,0
0,0,45,0,0,0,0
0,0,0,0,0,0,0
0,0,0,0,0,0,0
0,0,0,0,0,0,19
0,0,0,0,0,0,0
0,0,0,0,0,0,0
0,0,0,0,0,43,0
45,45,45,0,0,0,45
0,0,0,0,0,0,0
0,0,0,0,0,0,0
0,0,0,0,0,0,0
0,0,0,0,0,0,0
6,6,6,6,0,6,6
4,0,0,0,0,0,0
0,0,0,0,0,0,0
0,0,0,0,0,0,0
0,0,24,0,0,0,0
22,22,22,21,0,21,21
42,44,42,44,0,44,42
0,0,0,0,0,0,0
0,0,14,0,0,0,0
0,0,0,0,0,0,0
0,0,0,0,0,0,0
0,0,14,34,0,0,0
0,0,0,0,0,0,0
0,0,0,0,0,0,0
27,0,0,0,0,0,0
0,0,0,0,0,0,0
0,0,0,0,0,0,0
0,48,0,0,0,0,27
29,29,29,29,0,30,29
0,0,0,0,0,0,4
0,0,0,0,0,0,0
0,0,0,0,0,0,42
17,17,17,17,0,17,17
0,0,0,0,0,0,0
11,11,11,11,0,11,11
0,0,0,0,0,0,0
0,0,0,0,0,0,0
11,11,11,11,0,11,11
0,0,0,0,0,0,0
0,0,0,0,0,0,0
0,0,0,0,0,0,0
2,0,2,0,0,2,0
0,0,0,0,0,0,0
2,2,2,2,0,2,2
0,0,2,0,0,0,0
10,10,10,10,0,10,0
2,2,2,0,0,2,2
0,10,0,0,0,10,0
0,0,0,0,0,0,0
0,0,0,0,0,0,0
0,0,0,0,0,0,0
0,0,0,0,0,0,0
0,0,0,7,0,37,0
12,12,12,12,0,0,0
0,0,0,2,0,0,0
21,0,0,0,0,0,22
0,0,0,0,0,0,0
5,5,0,5,0,5,5
0,0,14,0,0,0,0
33,33,33,0,0,0,16
0,0,0,1,0,0,0
0,0,0,7,0,0,0
0,0,0,0,0,0,0
40,40,40,0,0,19,1
0,0,0,0,0,0,0
0,0,0,0,0,0,0
0,0,0,19,0,0,0
12,12,12,12,0,12,12
0,0,0,0,0,0,0
0,0,0,0,0,0,0
0,0,0,0,0,0,0
24,24,24,24,0,0,24
0,0,0,0,0,0,0
0,0,0,0,0,0,0
0,0,0,0,0,0,0
0,0,0,0,0,0,0
16,16,16,16,0,16,16
0,0,0,0,0,0,8
0,0,0,0,0,0,0
19,0,0,0,0,0,19
35,0,0,35,0,0,35
0,0,14,0,0,0,0
5,5,5,5,0,0,0
31,0,32,0,0,25,0
0,0,0,0,0,0,0
7,0,0,7,0,0,0
0,0,0,0,0,0,0
7,0,7,7,0,0,0
0,0,0,4,0,0,0
0,0,0,0,0,0,0
0,0,0,0,0,0,0
0,0,0,0,0,0,0
0,0,0,0,0,0,0
0,0,0,0,0,0,0
0,0,0,0,0,0,0
0,0,0,0,0,0,0
0,0,2,0,0,0,0
0,0,0,0,0,0,0
0,0,0,0,0,0,0
2,2,2,2,0,11,2
11,11,11,11,0,11,11
11,11,11,11,0,0,11
0,0,0,0,0,0,0
12,12,12,12,0,12,12
12,0,0,0,0,0,0
0,0,0,0,0,0,0
0,0,0,0,0,0,0
0,0,0,0,0,0,0
0,0,0,0,0,0,0
0,0,0,0,0,0,0
0,0,0,0,0,10,0
26,26,26,26,0,26,26
10,10,10,10,0,10,10
0,0,0,0,0,0,0
0,0,0,0,0,0,0
0,0,0,0,0,0,0
0,0,0,0,0,0,0
0,0,14,0,0,0,0
21,21,21,22,0,0,22
0,0,0,0,0,0,0
0,0,0,0,0,0,0
0,0,31,0,0,0,0
0,21,0,12,0,0,0
0,0,0,0,0,0,0
0,0,0,0,0,0,0
0,0,0,5,0,0,0
0,0,0,0,0,0,0
0,0,0,0,0,0,0
9,9,9,9,0,0,9
0,0,0,0,0,47,0
44,43,43,43,0,43,44
0,0,0,0,0,0,0
0,0,6,6,0,0,0
0,0,0,0,0,0,0
14,0,0,0,0,0,0
0,0,0,0,0,0,0
0,0,0,0,0,0,1
0,0,0,0,0,0,0
14,0,14,0,0,0,0
43,42,44,42,0,0,43
0,0,0,0,0,0,0
0,0,0,0,0,0,0
0,0,0,0,0,0,0
0,0,0,0,0,0,0
0,0,0,0,0,0,0
7,0,7,7,0,8,7
0,0,0,0,0,0,0
0,0,38,0,0,22,0
0,0,14,0,0,0,0
0,0,0,12,0,0,0
13,0,0,0,0,37,0
0,0,0,0,0,0,0
0,0,8,0,0,0,0
13,13,13,13,0,3,13
29,29,29,29,0,30,29
5,5,5,5,0,5,5
0,0,0,0,0,16,0
0,0,0,0,0,0,0
3,3,3,3,0,3,3
0,0,0,0,0,0,0
2,2,2,2,0,2,2
11,11,11,11,0,0,11
0,0,0,0,0,0,0
0,0,0,0,0,0,0
0,0,0,0,0,18,0
0,0,0,0,0,0,0
0,0,0,0,0,0,0
0,0,0,0,0,0,0
0,0,0,0,0,0,0
0,0,0,0,0,0,0
0,0,0,0,0,2,0
0,0,0,0,0,0,0
0,0,0,0,0,0,0
15,15,15,15,0,15,15
30,30,30,0,0,29,30
10,10,10,10,0,10,10
41,41,41,0,0,41,0
0,0,0,26,0,0,0
0,0,0,0,0,0,0
0,0,0,0,0,29,0
6,6,6,6,0,6,6
6,6,6,6,0,6,6
27,27,27,27,0,0,27
0,0,0,0,0,0,0
0,0,0,0,0,0,0
34,0,34,0,0,0,0
0,0,0,0,0,0,49
0,0,14,0,0,42,0
0,0,0,0,0,0,0
43,42,44,42,0,30,0
0,0,0,0,0,2,0
0,0,0,0,0,0,0
0,0,0,0,0,0,0
0,0,14,0,0,0,0
0,0,0,0,0,0,0
0,0,0,0,0,0,0
0,0,0,0,0,0,0
40,40,40,40,0,0,0
0,0,0,0,0,0,0
49,49,50,50,0,50,49
0,0,0,0,0,0,0
13,0,13,0,0,0,0
0,0,0,0,0,0,0
14,0,14,14,0,0,1
0,0,0,0,0,0,0
0,0,0,0,0,0,0
0,0,0,0,0,0,0
0,0,0,0,0,0,0
12,0,12,12,0,0,0
0,0,0,0,0,0,0
0,0,0,0,0,0,0
25,25,25,25,0,25,25
1,1,1,0,0,0,1
28,28,28,0,0,28,28
25,25,25,25,0,25,25
20,20,20,20,0,0,20
28,28,28,28,0,28,28
0,0,0,0,0,0,0
0,0,0,0,0,0,0
0,0,40,0,0,0,0
0,0,0,0,0,0,0
37,37,37,37,0,38,38
0,0,0,0,0,0,0
0,0,0,0,0,0,0
0,0,0,7,0,0,0
0,0,0,0,0,0,0
2,0,10,0,0,0,0
0,0,0,0,0,0,0
12,12,12,12,0,0,12
0,0,0,0,0,0,0
0,0,0,11,0,0,0
0,18,18,18,0,0,18
0,0,0,0,0,0,0
0,0,0,0,0,0,0
0,0,0,0,0,0,0
0,0,0,0,0,10,0
0,0,0,0,0,0,0
0,0,0,41,0,0,0
0,0,0,0,0,10,0
0,0,0,0,0,0,0
30,30,30,30,0,29,30
0,0,0,0,0,41,0
0,0,0,0,0,0,0
0,0,0,0,0,0,0
0,0,0,0,0,0,0
0,0,0,0,0,0,0
6,6,6,6,0,6,6
0,0,0,0,0,0,0
7,8,0,7,0,42,7
0,0,0,0,0,0,0
0,0,0,0,0,0,0
0,0,0,0,0,0,0
0,0,0,0,0,0,0
0,0,0,0,0,0,0
16,16,16,16,0,16,16
0,0,0,0,0,0,0
0,0,0,0,0,0,0
7,0,7,7,0,8,7
0,0,27,27,0,0,0
0,0,0,0,0,0,0
0,0,0,0,0,0,0
31,32,32,31,0,0,32
0,0,0,0,0,0,0
0,0,14,0,0,0,0
0,0,0,0,0,0,0
7,0,0,0,0,0,0
0,0,0,0,0,0,0
0,0,0,7,0,0,0
5,5,5,5,0,5,5
0,0,0,0,0,0,0
0,0,0,7,0,0,0
21,21,0,0,0,0,0
0,0,0,0,0,0,0
0,0,0,0,0,0,0
48,0,48,0,0,0,27
36,0,0,0,0,0,0
0,0,0,0,0,0,0
16,0,0,0,0,0,0
0,0,0,0,0,0,0
0,0,47,47,0,0,0
0,0,0,0,0,37,0
0,0,0,0,0,0,0
0,0,0,0,0,0,0
23,23,23,23,0,0,23
0,0,0,0,0,0,0
0,0,0,0,0,0,0
21,21,0,0,0,0,22
0,0,0,42,0,13,0
0,0,0,0,0,2,0
0,0,0,0,0,0,0
0,0,0,0,0,0,0
0,0,0,0,0,0,0
0,0,0,0,0,0,0
0,0,0,0,0,0,0
0,0,0,0,0,0,0
0,0,0,0,0,0,0
0,0,0,0,0,0,0
0,0,0,0,0,0,0
0,0,0,0,0,0,0
0,0,0,0,0,0,0
0,0,0,0,0,0,0
10,10,10,0,0,10,10
0,0,0,0,0,0,0
2,2,2,2,0,2,2
0,0,0,0,0,0,0
0,0,2,0,0,10,0
0,0,0,0,0,0,0
0,0,0,0,0,41,0
0,0,0,0,0,43,0
0,0,8,0,0,0,0
0,0,0,0,0,0,0
0,0,0,0,0,3,0
0,0,0,0,0,0,0
42,44,42,44,0,44,42
4,0,4,0,0,0,4
0,0,0,5,0,0,0
38,38,0,0,0,37,0
43,0,44,38,0,13,0
0,0,0,0,0,0,0
4,0,14,14,0,0,0
0,0,0,0,0,0,0
0,0,18,0,0,47,0
0,0,17,0,0,0,0
4,4,4,4,0,0,4
0,0,0,0,0,0,0
0,0,20,0,0,0,0
0,0,0,0,0,12,0
0,14,14,0,0,0,0
8,7,8,8,0,25,8
19,19,19,19,0,0,19
0,0,0,0,0,0,0
0,0,6,0,0,0,0
0,0,0,0,0,0,0
0,0,0,0,0,0,0
0,0,0,0,0,0,0
9,9,9,0,0,9,1
0,0,0,0,0,0,0
33,33,33,33,0,5,0
0,0,0,0,0,0,0
29,29,29,0,0,30,29
13,0,13,38,0,0,0
0,0,0,0,0,0,0
0,0,0,0,0,0,0
0,0,0,0,0,0,0
1,1,4,1,0,0,1
0,0,0,0,0,0,0
0,0,0,0,0,0,0
34,0,0,0,0,0,0
48,0,0,0,0,0,0
0,0,0,0,0,0,0
0,0,0,0,0,0,0
0,0,0,0,0,0,0
4,4,4,4,0,0,4
44,43,43,43,0,0,0
11,11,11,11,0,11,11
0,0,0,0,0,0,0
0,0,0,0,0,0,0
0,0,0,0,0,0,0
0,0,0,0,0,0,0
0,0,0,0,0,0,0
0,0,0,0,0,0,0
15,15,15,15,0,15,15
0,0,0,0,0,0,0
18,18,18,18,0,0,18
0,0,0,0,0,0,0
0,0,0,0,0,10,0
0,0,0,0,0,0,0
0,0,0,0,0,41,0
0,26,0,0,0,0,0
0,26,0,0,0,0,0
0,0,0,0,0,0,0
0,0,0,0,0,0,0
0,19,0,0,0,0,14
0,0,0,0,0,0,0
0,0,0,0,0,0,0
0,0,0,24,0,13,0
40,40,0,0,0,0,0
43,0,44,42,0,42,43
0,0,47,0,0,0,0
0,25,4,14,0,0,4
45,45,45,45,0,0,45
0,0,0,0,0,0,0
0,0,0,0,0,0,0
0,0,0,0,0,0,0
0,0,0,0,0,37,0
0,0,0,0,0,0,0
34,0,0,0,0,0,0
0,0,0,0,0,0,0
33,0,8,0,0,0,0
0,0,0,0,0,0,0
0,0,0,4,0,0,0
0,0,0,0,0,0,4
38,38,38,38,0,37,37
46,0,0,0,0,0,0
0,0,40,0,0,0,0
8,0,8,0,0,7,8
0,0,0,0,0,0,0
4,4,16,4,0,0,4
24,0,24,24,0,0,24
0,0,0,0,0,37,0
0,0,0,0,0,0,0
5,5,5,5,0,5,5
0,0,0,0,0,0,0
36,0,0,42,0,0,0
0,0,0,0,0,0,0
0,0,14,0,0,0,0
0,0,0,0,0,0,0
16,16,0,0,0,0,16
0,0,0,0,0,36,0
0,0,0,0,0,0,19
4,0,0,0,0,0,0
37,37,37,37,0,0,38
6,0,0,0,0,6,0
0,0,0,0,0,0,0
0,0,0,0,0,37,0
0,0,0,0,0,0,0
0,0,0,0,0,0,0
0,0,0,0,0,0,0
0,0,0,0,0,0,0
0,0,0,0,0,0,0
29,29,29,29,0,0,29
0,0,0,0,0,0,0
0,0,0,0,0,0,0
0,0,0,0,0,0,0
0,0,0,0,0,0,0
0,0,0,0,0,0,0
18,0,0,0,0,39,18
3,3,3,3,0,3,3
0,0,0,0,0,0,0
12,12,0,12,0,0,12
0,0,0,0,0,0,0
0,0,0,0,0,0,0
0,0,0,0,0,0,0
0,0,0,0,0,0,0
0,0,0,0,0,0,0
10,10,10,10,0,10,10
0,0,0,0,0,0,0
37,37,37,37,0,38,38
0,0,0,0,0,6,0
0,0,0,0,0,0,1
0,0,14,0,0,0,0
25,25,25,25,0,25,25
0,0,0,0,0,0,0
0,0,0,0,0,0,0
0,0,0,0,0,0,0
0,14,0,0,0,0,0
3,3,3,3,0,3,3
0,0,14,0,0,0,0
0,0,0,0,0,0,0
0,0,0,0,0,0,0
28,28,28,28,0,28,28
0,0,0,22,0,0,0
7,0,0,7,0,0,0
0,0,0,0,0,0,0
0,0,0,0,0,0,0
0,0,0,0,0,0,0
0,0,0,0,0,0,0
0,0,0,0,0,0,0
27,27,27,27,0,0,27
14,14,0,14,0,0,14
0,0,0,0,0,0,0
0,0,0,0,0,0,0
13,0,13,13,0,13,13
0,0,0,0,0,0,0
39,39,39,39,0,0,39
0,0,0,0,0,0,0
0,0,0,0,0,0,0
0,0,0,0,0,0,0
0,0,0,0,0,0,4
5,5,5,5,0,5,5
0,0,0,0,0,0,0
0,0,0,0,0,0,0
0,0,0,13,0,47,0
16,16,16,16,0,0,16
0,0,0,0,0,0,0
0,0,0,0,0,0,0
0,36,0,0,0,0,0
49,49,50,50,0,50,49
0,0,0,0,0,0,0
0,0,0,0,0,0,4
0,0,0,0,0,0,0
0,0,14,0,0,0,0
0,0,0,0,0,0,0
3,3,3,3,0,3,3
19,19,19,0,0,0,19
0,0,0,0,0,0,0
0,0,0,0,0,0,0
0,0,0,0,0,0,0
0,0,0,0,0,0,0
0,0,0,0,0,0,0
2,2,2,2,0,0,2
0,0,2,0,0,0,0
0,0,0,0,0,2,0
30,30,30,30,0,29,30
0,0,0,0,0,0,0
15,15,15,15,0,15,15
0,0,12,12,0,0,0
0,0,0,0,0,0,0
0,0,0,0,0,10,0
0,0,0,0,0,0,0
46,0,46,46,0,0,0
0,0,14,0,0,0,0
0,0,0,0,0,48,0
0,0,0,0,0,0,0
0,0,0,0,0,0,0
0,0,0,0,0,0,0
0,0,0,0,0,0,0
0,0,49,0,0,0,0
0,0,0,0,0,0,0
4,4,4,4,0,4,4
0,0,0,0,0,0,0
0,0,0,0,0,0,0
0,0,0,0,0,0,0
16,0,0,0,0,0,0
0,0,0,0,0,0,0
0,0,0,0,0,0,0
0,0,0,0,0,0,0
0,0,0,0,0,0,0
0,0,0,0,0,0,0
0,0,0,0,0,0,0
0,0,0,0,0,0,0
1,1,1,1,0,1,1
0,0,0,0,0,0,0
0,0,14,0,0,0,0
4,4,4,4,0,0,4
0,0,0,0,0,0,0
0,0,0,0,0,0,0
0,0,0,0,0,0,0
0,0,0,0,0,0,0
0,0,14,0,0,0,0
50,50,0,0,0,0,50
0,0,0,0,0,0,0
0,0,0,0,0,0,0
20,20,20,20,0,0,20
32,31,31,32,0,11,0
0,0,0,0,0,0,0
0,0,0,0,0,0,0
0,0,0,0,0,0,0
1,1,1,1,0,0,1
0,0,14,0,0,0,0
40,0,0,0,0,0,0
0,0,0,0,0,0,0
0,0,0,0,0,0,0
44,43,43,43,0,0,44
0,0,0,0,0,0,0
47,47,47,47,0,47,47
3,3,47,3,0,3,3
18,18,0,18,0,0,18
0,0,0,0,0,0,0
0,0,0,0,0,0,0
0,0,0,0,0,0,0
8,7,8,8,0,7,8
8,7,8,8,0,0,8
0,0,0,0,0,0,0
0,0,0,0,0,0,0
0,0,0,0,0,0,0
0,0,0,0,0,0,0
0,0,0,0,0,0,0
0,0,0,0,0,0,0
2,2,2,2,0,10,2
0,0,0,0,0,0,0
0,0,0,0,0,0,0
0,0,0,0,0,0,0
0,0,30,0,0,0,0
0,0,14,0,0,0,0
0,0,0,0,0,0,0
0,0,0,0,0,0,0
0,0,0,0,0,19,1
0,0,0,0,0,0,0
0,0,0,0,0,0,0
0,0,0,0,0,0,0
0,0,0,0,0,0,0
19,0,19,0,0,0,0
0,0,0,0,0,0,0
0,0,0,0,0,0,0
19,0,49,0,0,0,0
0,0,0,0,0,0,0
4,4,14,4,0,0,4
8,7,8,8,0,0,8
0,0,0,0,0,0,0
0,0,0,0,0,0,0
0,0,0,0,0,0,0
3,3,3,3,0,3,3
3,3,3,3,0,3,3
5,5,5,5,0,5,5
19,19,19,19,0,19,19
0,0,0,0,0,0,0
0,0,0,0,0,0,0
0,0,0,0,0,0,0
0,0,0,0,0,0,0
0,34,28,0,0,0,0
0,0,0,0,0,43,0
1,1,1,1,0,0,0
36,0,36,36,0,0,0
1,1,1,1,0,0,1
0,0,0,0,0,0,0
0,0,14,0,0,0,0
8,0,0,0,0,0,0
6,6,6,6,0,6,6
0,0,33,0,0,0,0
6,6,6,6,0,0,6
0,0,0,0,0,7,0
0,0,0,0,0,0,0
0,0,0,0,0,0,0
3,3,3,3,0,3,3
0,0,0,0,0,0,0
0,0,0,0,0,0,0
17,17,17,17,0,17,17
0,0,0,0,0,0,0
22,22,22,21,0,21,21
0,0,0,0,0,0,0
0,0,0,0,0,0,0
0,0,14,0,0,0,0
7,0,7,7,0,36,0
49,49,50,50,0,50,49
0,0,14,0,0,11,0
13,0,0,13,0,13,13
0,0,0,0,0,0,0
0,0,0,0,0,0,0
0,0,0,0,0,0,0
0,0,0,0,0,0,0
0,0,0,0,0,0,0
2,2,2,2,0,0,0
0,0,0,0,0,0,0
0,0,0,0,0,0,0
0,0,0,0,0,0,0
0,0,0,0,0,0,0
0,0,0,0,0,0,0
0,0,0,0,0,0,0
0,0,0,0,0,0,0
0,0,0,0,0,0,0
0,0,0,0,0,0,0
4,4,4,4,0,0,4
0,0,16,0,0,0,0
0,0,0,0,0,0,0
27,27,27,27,0,27,27
0,0,45,0,0,0,0
0,0,8,0,0,0,0
0,0,0,0,0,0,0
0,0,0,0,0,0,0
0,0,0,0,0,5,0
0,0,0,0,0,0,0
16,0,14,0,0,0,0
50,50,49,49,0,42,4
0,0,0,0,0,0,0
0,0,0,0,0,0,0
0,0,0,42,0,0,0
0,0,0,0,0,0,0
3,3,3,3,0,3,3
16,16,0,5,0,0,16
0,0,0,0,0,0,4
9,0,9,0,0,0,9
0,0,0,12,0,0,0
0,0,16,0,0,0,0
0,0,44,0,0,0,0
28,28,28,28,0,0,28
0,0,0,0,0,0,0
8,7,8,0,0,7,0
0,0,0,0,0,0,0
23,0,0,0,0,24,0
0,0,0,0,0,0,0
44,0,43,43,0,42,44
4,4,4,14,0,9,4
0,0,0,0,0,0,0
0,0,0,0,0,0,19
6,6,6,6,0,6,6
1,1,1,1,0,1,1
0,0,0,0,0,0,0
0,0,0,0,0,0,0
0,0,0,0,0,0,0
0,0,0,0,0,0,0
11,0,11,0,0,0,0
0,0,0,0,0,0,0
0,0,2,0,0,0,0
0,0,2,0,0,0,0
0,0,0,0,0,0,0
11,11,11,11,0,11,11
13,13,13,13,0,47,0
8,0,8,8,0,7,8
26,0,0,0,0,7,0
0,0,0,0,0,0,0
0,0,0,0,0,0,0
12,12,12,12,0,12,12
0,0,0,0,0,0,0
8,7,8,8,0,0,8
0,0,0,0,0,0,0
0,0,0,0,0,0,0
0,0,0,0,0,0,0
0,0,0,0,0,10,0
30,30,30,30,0,29,30
0,0,0,0,0,0,0
0,0,0,0,0,0,0
0,0,0,0,0,0,0
16,16,16,2,0,0,16
0,0,0,0,0,0,0
32,31,31,32,0,0,31
0,0,0,0,0,0,0
0,0,0,0,0,0,0
4,4,14,4,0,0,4
7,36,7,0,0,37,7
5,0,0,0,0,5,0
45,45,45,45,0,0,45
0,0,0,0,0,22,0
0,0,0,0,0,0,0
1,1,1,1,0,1,1
0,0,0,0,0,0,0
0,0,0,0,0,0,0
16,35,0,4,0,0,35
0,0,0,0,0,0,0
0,0,0,23,0,0,0
0,0,0,0,0,37,0
9,9,9,9,0,9,9
17,17,17,17,0,17,17
0,20,0,0,0,0,0
0,0,0,0,0,0,0
5,5,5,5,0,5,5
0,0,0,0,0,0,0
0,0,0,0,0,0,0
18,0,18,18,0,0,18
0,0,0,0,0,0,0
0,0,0,0,0,0,0
0,0,0,0,0,0,0
0,0,16,34,0,0,0
0,0,0,0,0,0,0
0,0,0,0,0,0,0
0,0,0,0,0,0,0
0,0,0,0,0,0,0
0,0,44,0,0,0,0
31,32,32,31,0,0,32
0,0,0,0,0,0,0
24,0,24,24,0,0,0
0,0,14,0,0,0,0
47,0,47,42,0,42,0
0,0,0,0,0,0,0
0,0,0,0,0,0,0
0,0,0,0,0,0,0
0,0,0,0,0,0,0
0,0,0,0,0,0,0
0,0,14,0,0,0,0
47,47,47,47,0,0,47
44,43,43,43,0,0,44
3,0,3,3,0,3,3
39,39,39,39,0,39,39
3,3,3,42,0,3,3
0,0,0,0,0,0,0
0,0,0,0,0,0,0
0,0,0,0,0,0,0
3,3,0,3,0,11,0
0,0,0,0,0,0,0
0,0,0,0,0,0,0
30,30,30,30,0,29,30
0,0,0,0,0,0,0
0,0,0,0,0,0,0
0,0,0,0,0,0,0
10,10,10,0,0,10,10
0,0,30,0,0,29,0
0,0,0,0,0,0,0
20,20,20,0,0,1,0
0,0,14,0,0,0,0
0,0,0,0,0,0,0
0,0,0,0,0,0,0
32,31,31,32,0,0,31
0,0,0,0,0,0,0
0,0,0,0,0,0,0
48,48,48,48,0,0,48
4,0,14,0,0,0,0
0,0,0,0,0,0,0
20,20,20,20,0,0,20
5,5,5,5,0,5,5
0,0,0,0,0,0,0
0,0,0,0,0,0,0
0,0,0,12,0,0,0
0,0,0,0,0,0,0
0,0,0,5,0,36,0
0,0,0,0,0,0,0
32,31,31,32,0,0,31
0,0,0,0,0,0,0
14,14,0,0,0,0,0
45,0,0,0,0,0,0
0,0,0,0,0,0,0
0,0,0,0,0,0,0
5,5,5,5,0,5,0
0,0,0,0,0,0,0
0,0,0,0,0,0,0
0,19,0,0,0,0,0
21,21,21,22,0,0,22
0,0,0,0,0,0,0
21,21,0,22,0,0,22
28,28,28,28,0,28,28
0,0,0,0,0,0,1
50,50,49,49,0,0,50
4,4,4,4,0,0,4
14,0,0,0,0,0,0
6,6,6,6,0,6,6
0,0,0,0,0,42,0
22,22,22,21,0,21,0
20,20,0,20,0,0,20
28,0,28,0,0,0,28
0,0,0,0,0,0,0
0,0,0,0,0,0,0
13,13,13,13,0,13,13
0,0,0,0,0,0,0
0,0,0,0,0,0,0
0,0,0,0,0,0,0
0,0,0,0,0,0,0
0,0,0,0,0,0,0
0,0,0,0,0,0,0
0,0,0,0,0,0,0
0,0,0,0,0,0,0
0,0,0,0,0,0,0
0,0,0,0,0,0,0
15,15,15,15,0,15,15
46,0,46,46,0,0,46
15,15,15,15,0,15,15
0,0,0,0,0,0,0
0,0,0,0,0,0,0
0,0,0,0,0,0,0
0,0,0,0,0,0,0
30,30,30,30,0,29,30
0,0,0,0,0,0,0
0,0,0,0,0,0,0
0,0,0,0,0,0,0
0,0,0,0,0,0,0
0,0,0,7,0,0,0
0,0,0,0,0,0,0
3,3,3,3,0,3,3
0,27,27,0,0,0,27
0,0,0,0,0,0,0
0,0,0,0,0,0,0
0,0,0,0,0,0,0
35,0,0,0,0,0,0
0,0,0,0,0,0,0
0,0,0,0,0,0,0
0,0,0,0,0,0,0
0,0,0,0,0,0,0
16,16,16,0,0,0,16
47,0,47,13,0,47,47
0,0,0,0,0,5,33
22,22,22,21,0,21,21
0,0,0,0,0,0,0
49,49,50,50,0,50,49
0,0,17,0,0,0,0
0,0,14,0,0,0,0
0,0,0,0,0,0,0
0,0,0,0,0,0,0
0,0,0,0,0,0,0
0,0,0,0,0,0,0
4,4,4,4,0,0,4
0,0,0,0,0,0,0
36,36,36,7,0,0,36
9,9,14,9,0,0,9
0,0,38,0,0,0,0
0,0,0,0,0,0,0
0,0,0,0,0,0,0
0,0,0,0,0,0,0
0,0,14,0,0,0,0
7,0,7,38,0,8,7
3,3,3,3,0,3,3
0,0,0,0,0,0,0
0,0,0,0,0,0,0
0,0,0,0,0,0,0
0,0,0,0,0,0,0
0,0,0,0,0,0,4
0,0,14,0,0,0,0
14,0,0,0,0,0,16
0,0,27,0,0,0,0
0,0,0,0,0,0,0
42,44,42,44,0,0,42
11,11,11,11,0,11,11
0,0,0,0,0,0,0
0,0,0,0,0,13,0
2,0,0,0,0,0,0
15,15,15,15,0,15,15
0,0,0,0,0,0,0
0,0,0,0,0,0,0
0,0,0,0,0,0,0
0,0,0,26,0,0,0
0,0,0,0,0,10,0
0,0,0,0,0,0,0
26,0,0,0,0,29,0
0,10,10,0,0,10,0
0,0,0,0,0,0,0
0,0,0,0,0,0,0
26,26,26,41,0,0,41
0,0,0,18,0,0,0
0,0,0,0,0,0,0
20,20,20,20,0,0,20
0,0,0,0,0,0,0
0,22,0,21,0,0,34
0,0,0,0,0,0,0
29,29,29,29,0,30,29
39,0,0,39,0,5,0
0,0,0,0,0,0,0
25,25,25,25,0,25,25
0,0,0,0,0,0,0
23,23,0,23,0,0,23
28,28,14,0,0,0,0
4,0,0,1,0,0,4
42,44,0,0,0,0,0
48,48,48,0,0,0,48
0,0,0,0,0,0,0
0,0,0,0,0,0,0
0,0,0,0,0,0,0
0,0,0,0,0,0,0
1,1,1,1,0,1,1
34,0,0,34,0,0,0
33,0,0,0,0,0,0
32,31,31,32,0,31,31
0,0,0,0,0,0,0
22,22,14,21,0,37,21
0,0,0,0,0,0,0
8,7,0,0,0,0,8
0,0,0,0,0,0,0
48,0,48,0,0,0,0
0,0,0,0,0,0,0
0,0,0,0,0,0,0
0,0,0,0,0,0,0
0,0,0,0,0,0,0
0,0,0,0,0,0,0
29,29,29,29,0,30,29
0,0,28,0,0,0,0
0,0,0,0,0,0,0
6,6,6,6,0,0,6
0,0,14,0,0,0,0
0,0,0,0,0,0,0
3,3,3,3,0,3,3
0,0,36,13,0,0,0
0,0,0,0,0,0,9
3,3,3,3,0,3,3
2,2,2,2,0,0,2
0,0,0,0,0,0,0
35,0,0,0,0,0,0
0,0,0,0,0,0,0
0,0,0,0,0,0,0
0,0,0,0,0,0,0
0,0,0,0,0,0,0
0,0,0,0,0,0,0
3,0,0,0,0,0,0
12,12,12,12,0,0,12
0,0,0,0,0,0,0
15,15,0,15,0,15,15
0,0,0,0,0,0,0
2,2,2,2,0,2,2
15,15,15,15,0,15,15
2,2,2,0,0,2,2
30,30,30,30,0,29,30
10,10,2,10,0,10,0
0,0,0,0,0,0,0
0,0,0,0,0,0,0
0,0,0,0,0,0,0
0,0,0,0,0,0,0
0,0,0,0,0,0,0
0,0,0,42,0,0,0
32,31,31,32,0,0,31
7,8,7,7,0,37,7
0,0,0,0,0,0,0
0,0,0,0,0,0,0
0,0,0,0,0,0,0
14,0,0,0,0,0,0
8,0,8,0,0,0,8
0,0,0,0,0,0,0
40,40,0,0,0,0,40
0,0,0,0,0,0,0
47,47,47,47,0,47,47
19,19,19,19,0,0,19
1,1,1,1,0,1,1
0,0,0,0,0,0,0
0,0,0,0,0,0,0
0,0,0,0,0,0,0
0,0,16,0,0,0,0
0,0,0,0,0,0,0
48,48,48,48,0,0,48
0,0,14,0,0,0,14
0,0,0,0,0,0,0
0,0,0,48,0,0,0
0,0,14,0,0,0,0
0,0,0,0,0,0,0
7,0,0,0,0,47,0
17,17,17,17,0,17,17
45,0,14,0,0,0,0
25,25,25,0,0,25,25
1,1,0,1,0,0,1
34,34,14,34,0,0,34
14,40,0,0,0,0,0
0,40,14,0,0,0,0
0,0,0,0,0,0,0
0,0,14,0,0,0,0
0,0,0,0,0,0,0
0,0,0,0,0,0,0
35,35,35,0,0,0,35
37,37,37,37,0,38,38
4,4,0,0,0,0,4
0,0,0,0,0,0,0
11,11,11,11,0,0,11
23,23,23,23,0,23,23
0,0,0,0,0,0,0
0,0,0,0,0,0,0
0,0,0,0,0,0,0
0,0,0,0,0,2,0
0,0,0,0,0,0,0
11,11,11,11,0,11,11
0,0,0,18,0,0,0
0,0,0,0,0,0,0
2,2,2,2,0,0,2
2,2,2,2,0,2,2
0,0,0,0,0,0,0
41,41,0,41,0,41,0
0,0,0,0,0,0,0
0,10,0,0,0,10,0
0,0,0,0,0,0,0
10,10,10,10,0,10,0
0,0,0,0,0,41,0
0,0,0,0,0,0,0
32,31,31,32,0,0,31
0,0,6,0,0,0,0
0,0,0,0,0,0,0
0,0,0,0,0,0,0
0,0,0,0,0,0,19
0,0,0,0,0,0,0
0,0,0,0,0,0,0
0,0,0,0,0,0,0
31,32,32,0,0,0,32
0,0,0,0,0,0,0
0,0,0,0,0,0,0
0,40,0,0,0,0,0
24,24,24,24,0,9,24
23,23,23,23,0,3,23
0,0,34,0,0,0,0
0,0,43,0,0,47,0
28,28,28,0,0,0,28
47,13,0,13,0,0,0
0,40,0,0,0,0,0
0,0,0,0,0,0,0
0,0,14,0,0,0,0
0,0,0,0,0,47,0
0,0,19,0,0,39,0
0,0,2,0,0,0,0
0,0,0,0,0,0,0
5,5,5,5,0,5,5
0,0,0,0,0,0,0
0,0,0,0,0,0,0
0,0,0,0,0,0,0
9,9,9,9,0,9,9
0,0,0,0,0,0,0
0,0,14,0,0,0,0
22,22,22,21,0,21,21
0,0,0,0,0,0,0
0,0,0,0,0,13,0
0,0,0,24,0,0,0
0,0,0,0,0,0,0
8,7,8,8,0,7,8
0,0,0,34,0,0,0
27,0,27,48,0,0,0
0,0,0,0,0,0,0
13,0,0,0,0,0,0
47,0,47,0,0,0,47
2,2,2,2,0,0,2
47,47,47,47,0,0,47
0,0,0,0,0,0,0
0,0,0,0,0,42,0
2,2,2,2,0,2,2
0,0,0,0,0,0,0
46,0,46,46,0,46,0
0,0,0,0,0,0,0
0,0,0,0,0,0,0
12,12,12,0,0,2,0
0,0,0,0,0,0,0
30,30,30,0,0,0,30
0,0,0,0,0,0,0
15,15,15,15,0,15,15
26,0,26,26,0,41,0
0,0,0,0,0,0,0
10,10,10,10,0,10,10
0,0,0,0,0,0,0
41,41,41,41,0,41,41
41,41,41,41,0,41,41
0,0,0,0,0,0,0
0,0,0,0,0,0,0
0,0,0,0,0,0,0
0,0,0,0,0,0,0
35,35,0,0,0,0,0
22,22,22,21,0,6,21
0,0,0,0,0,0,0
0,0,0,0,0,0,0
0,0,0,0,0,0,0
0,0,0,0,0,0,0
0,0,0,0,0,0,0
0,0,6,0,0,0,0
0,0,0,0,0,0,0
48,48,48,48,0,0,48
23,23,23,22,0,0,23
20,20,20,28,0,0,20
0,0,0,0,0,0,0
20,20,20,20,0,0,20
0,0,0,0,0,0,0
20,20,0,0,0,0,20
0,0,0,0,0,0,0
0,0,0,0,0,0,0
0,0,0,0,0,0,0
27,0,0,0,0,0,0
0,0,0,42,0,0,0
0,0,0,0,0,0,0
0,0,0,0,0,0,0
0,0,0,0,0,0,0
0,14,0,0,0,0,0
0,0,0,0,0,0,0
0,0,0,0,0,0,0
0,0,0,0,0,0,0
28,0,28,28,0,28,28
0,0,14,0,0,0,0
0,0,0,0,0,0,0
0,0,0,0,0,0,0
13,13,13,13,0,13,13
32,31,31,32,0,0,31
29,29,29,29,0,30,29
0,0,0,0,0,0,0
25,25,25,25,0,0,25
0,0,0,0,0,0,0
46,46,46,46,0,0,46
2,2,2,0,0,0,2
0,0,0,0,0,0,0
0,0,0,0,0,0,0
8,0,8,0,0,0,8
0,0,0,0,0,0,0
0,0,0,0,0,0,0
0,0,0,0,0,0,0
0,0,0,0,0,0,0
0,0,0,0,0,0,0
26,0,26,0,0,0,0
0,0,0,0,0,0,0
0,7,0,0,0,0,0
2,2,2,2,0,2,2
0,0,0,0,0,0,0
0,0,0,0,0,2,0
0,0,0,0,0,0,0
0,0,0,0,0,0,0
0,0,0,0,0,0,0
0,0,0,0,0,29,0
0,26,0,0,0,0,0
0,0,0,0,0,0,0
0,0,0,0,0,0,0
28,28,28,28,0,30,28
0,0,0,0,0,0,0
0,0,0,0,0,0,0
0,0,19,0,0,0,0
0,0,0,0,0,0,0
0,0,0,42,0,0,0
25,0,25,25,0,0,25
0,0,0,0,0,0,0
27,27,27,27,0,0,27
0,0,0,0,0,0,0
1,1,1,1,0,0,1
9,9,9,0,0,0,0
0,0,0,0,0,0,0
0,40,14,0,0,0,0
38,0,0,0,0,0,0
0,0,0,0,0,0,0
5,5,5,5,0,5,5
0,0,0,0,0,0,0
0,0,0,0,0,0,0
0,0,5,0,0,0,0
0,0,0,0,0,0,0
0,0,0,0,0,0,0
0,0,0,6,0,0,0
34,0,0,0,0,0,16
0,0,0,7,0,24,44
48,0,0,0,0,0,0
8,7,8,8,0,0,8
46,0,46,0,0,0,46
5,5,5,5,0,5,5
0,14,33,0,0,0,0
0,0,0,0,0,0,0
0,0,0,0,0,0,0
0,0,0,0,0,0,0
0,0,0,0,0,0,0
0,0,0,0,0,42,0
0,0,0,0,0,0,0
35,7,14,0,0,18,0
0,0,0,0,0,0,0
0,0,0,0,0,0,0
0,0,0,0,0,0,0
17,0,17,17,0,0,17
0,0,0,0,0,0,0
0,0,14,0,0,0,0
31,32,32,31,0,0,32
25,25,25,0,0,0,25
0,0,0,0,0,0,1
0,0,0,0,0,0,0
17,17,17,0,0,0,17
0,0,0,0,0,0,0
3,3,3,3,0,3,3
0,0,0,0,0,0,0
0,0,0,0,0,0,0
13,13,0,0,0,0,0
2,2,2,2,0,2,0
0,0,0,0,0,0,0
0,0,17,0,0,0,0
0,0,0,0,0,0,0
0,0,0,0,0,0,0
10,10,10,10,0,10,10
26,0,0,0,0,0,0
0,0,0,0,0,29,0
26,0,0,0,0,0,0
0,0,41,0,0,0,0
0,0,0,0,0,0,0
0,0,0,0,0,0,0
0,0,0,0,0,0,0
0,0,0,5,0,0,0
4,4,0,4,0,0,4
0,0,0,0,0,0,0
0,0,0,0,0,0,0
0,0,0,0,0,0,0
0,0,0,0,0,5,0
0,0,0,0,0,0,0
5,5,5,5,0,5,0
0,0,0,0,0,0,0
0,0,14,0,0,0,0
33,0,0,0,0,0,0
0,0,0,0,0,0,0
17,17,17,17,0,17,17
0,0,0,0,0,0,0
0,0,0,0,0,0,0
0,0,0,0,0,0,0
36,9,36,36,0,0,0
7,0,7,7,0,0,0
0,0,0,0,0,0,0
7,0,0,7,0,0,0
0,0,0,0,0,0,0
0,0,0,8,0,0,0
0,0,0,0,0,0,0
0,0,0,0,0,37,0
33,0,0,0,0,0,0
0,0,0,0,0,0,0
8,0,8,0,0,0,8
0,0,0,0,0,0,0
0,0,0,0,0,0,0
0,0,0,0,0,0,0
13,33,0,0,0,0,0
0,0,0,0,0,0,0
0,0,0,0,0,0,0
9,9,9,9,0,9,9
0,0,0,0,0,0,0
6,6,6,6,0,0,6
0,1,16,1,0,0,0
0,0,0,0,0,0,0
0,0,0,0,0,0,0
0,0,2,0,0,0,0
0,0,0,0,0,0,0
0,0,0,0,0,2,0
18,18,18,18,0,18,18
8,7,8,8,0,0,8
0,0,0,0,0,0,0
0,0,0,0,0,0,0
0,0,0,0,0,0,0
0,0,0,0,0,0,0
0,0,0,0,0,0,0
0,0,0,0,0,0,0
15,15,15,15,0,15,15
0,0,0,0,0,10,0
0,0,0,0,0,0,0
0,0,0,0,0,41,0
0,0,0,0,0,0,0
0,0,0,0,0,0,0
0,0,0,0,0,29,0
0,0,0,0,0,0,0
0,0,0,0,0,10,0
0,0,0,0,0,0,0
26,26,26,26,0,26,26
6,6,6,6,0,5,6
0,0,0,0,0,0,0
0,0,0,0,0,0,0
0,0,0,0,0,24,0
0,0,0,0,0,0,0
0,0,0,0,0,0,0
0,0,0,0,0,0,0
0,0,0,0,0,0,0
0,0,0,0,0,0,0
0,0,0,0,0,0,0
0,0,0,0,0,0,0
0,0,0,0,0,0,0
0,0,0,0,0,0,0
0,0,0,0,0,0,0
0,0,0,0,0,0,0
47,47,47,47,0,0,47
0,0,0,0,0,0,34
0,0,0,0,0,0,0
9,9,9,9,0,9,9
37,37,37,37,0,38,38
0,0,0,0,0,0,0
1,1,1,1,0,1,1
0,0,0,0,0,0,0
16,0,14,0,0,0,0
5,5,5,5,0,5,5
0,0,0,0,0,0,0
0,0,0,0,0,0,0
0,0,0,0,0,0,0
4,4,4,4,0,0,4
0,0,0,0,0,6,0
0,0,0,0,0,0,0
45,0,0,0,0,7,0
0,0,0,0,0,47,0
0,0,0,43,0,0,0
0,0,0,0,0,0,0
0,0,0,0,0,0,0
0,0,0,0,0,0,0
25,25,25,25,0,25,25
0,0,0,0,0,0,0
34,0,14,34,0,0,34
0,0,0,0,0,0,0
0,0,0,0,0,47,0
0,0,0,0,0,0,0
0,0,0,0,0,0,0
0,0,0,0,0,0,0
11,11,11,11,0,11,11
0,0,0,0,0,0,0
0,0,0,0,0,0,0
24,0,0,0,0,46,0
2,2,2,2,0,0,2
0,0,0,0,0,0,0
0,0,0,0,0,0,0
18,18,18,18,0,18,18
0,0,0,0,0,0,0
0,0,2,0,0,0,0
0,0,0,0,0,0,0
0,0,0,0,0,2,0
0,0,0,0,0,0,0
0,0,0,0,0,2,0
0,0,0,0,0,0,0
0,18,0,0,0,0,0
0,0,0,0,0,0,0
30,30,30,30,0,29,30
0,0,0,0,0,0,0
8,7,8,8,0,5,8
8,7,8,8,0,7,8
0,0,0,0,0,0,0
0,0,0,0,0,0,0
0,0,2,0,0,37,0
0,0,0,0,0,0,0
6,6,6,6,0,6,6
48,48,48,48,0,0,48
0,0,6,48,0,0,0
14,0,14,0,0,0,0
0,0,0,0,0,14,4
0,0,0,0,0,0,0
0,0,0,0,0,0,0
32,31,31,32,0,0,31
0,0,0,0,0,0,0
35,35,0,35,0,0,0
0,0,0,0,0,0,0
0,0,14,0,0,5,0
0,0,0,0,0,0,0
21,21,7,22,0,0,22
0,0,45,0,0,0,0
0,0,0,0,0,0,0
0,0,0,0,0,0,0
0,0,14,0,0,0,0
0,0,0,0,0,0,0
38,0,0,38,0,0,0
0,0,0,0,0,0,0
0,0,0,0,0,0,0
38,38,38,38,0,37,37
35,35,35,0,0,0,0
39,39,39,39,0,39,39
0,0,0,0,0,0,0
17,17,17,17,0,17,0
0,0,0,0,0,2,0
2,2,2,2,0,2,2
18,0,0,18,0,0,18
0,0,2,0,0,2,0
0,0,0,0,0,0,0
0,0,0,0,0,0,0
0,0,0,0,0,0,0
0,0,0,0,0,0,0
0,0,0,0,0,0,0
0,0,0,0,0,10,0
0,0,0,0,0,0,30
0,0,0,0,0,0,0
